visitor-win-pct, visitor-ppg, visitor-oppg, home-win-pct, home-ppg, home-oppg, winner
1.000,106.0,94.0,.000,94.0,106.0,0
.000,95.0,97.0,1.000,97.0,95.0,1
.000,95.0,111.0,1.000,111.0,95.0,1
.000,95.0,112.0,1.000,112.0,95.0,1
1.000,106.0,97.5,.000,100.0,115.0,0
.000,87.0,92.0,1.000,99.0,90.5,1
1.000,105.0,85.0,.000,85.0,105.0,0
1.000,112.0,111.0,.000,111.0,112.0,0
.500,100.5,86.5,.000,76.0,106.0,0
.000,94.0,104.0,1.000,104.0,94.0,1
1.000,122.0,97.0,.000,97.0,122.0,0
.000,106.0,112.0,1.000,112.0,106.0,1
1.000,88.0,87.0,.000,87.0,88.0,0
1.000,111.0,95.0,.000,95.0,111.0,0
.000,94.5,111.5,1.000,112.0,94.0,1
1.000,111.0,104.0,.000,104.0,111.0,0
.000,99.0,106.0,1.000,106.0,99.0,1
.500,94.0,104.5,.000,101.0,109.0,0
.500,99.5,99.5,1.000,107.5,96.0,1
.500,103.0,103.5,.500,111.5,104.5,0
.000,94.0,100.5,.667,101.0,100.3,1
1.000,109.5,101.0,.500,107.5,104.0,0
.500,98.0,98.0,.667,101.0,88.3,1
1.000,103.5,94.5,.500,91.5,90.0,0
.667,102.0,97.7,1.000,98.7,91.7,1
1.000,111.5,93.5,.000,88.5,108.5,0
1.000,103.0,100.0,.000,105.0,120.0,0
1.000,125.5,121.0,.000,111.5,113.5,0
.500,93.0,81.5,.000,83.0,105.5,0
.500,102.0,102.0,.500,102.5,101.5,1
.000,112.5,122.0,.500,118.0,112.5,1
.000,87.5,108.5,.500,104.0,93.5,1
.667,94.3,79.7,.000,92.7,105.0,0
.333,115.0,113.0,1.000,109.7,100.3,1
.000,88.7,106.0,.667,96.3,100.0,1
1.000,119.0,102.3,.000,103.0,119.0,0
.667,102.0,97.7,.333,98.0,101.7,0
.667,113.3,106.3,.667,105.3,105.7,0
.667,101.0,91.3,.333,100.7,101.0,0
.000,103.3,106.3,.750,99.5,95.0,1
.750,99.3,98.3,.000,93.3,98.3,0
.667,100.7,97.3,.000,106.0,115.7,0
.000,88.7,108.7,.667,101.7,95.0,1
.333,92.0,99.0,1.000,122.7,111.7,1
.000,99.0,115.3,1.000,108.3,96.3,1
.250,100.0,110.5,.000,90.5,105.3,0
.500,89.5,104.8,1.000,119.0,94.0,1
.750,118.3,111.3,.250,94.0,107.8,1
.500,100.5,98.8,1.000,107.8,99.3,1
.500,100.0,101.5,.667,102.7,98.3,0
.750,99.3,89.5,.500,106.0,103.3,0
.750,102.5,91.3,.000,88.7,106.0,0
.600,100.6,102.0,.250,102.5,100.0,1
1.000,106.8,95.0,.500,98.3,98.5,0
.250,93.0,99.3,.750,94.5,92.3,0
.500,99.0,101.5,.000,106.8,116.8,0
.800,99.0,97.0,.500,99.3,95.8,0
.250,103.3,103.3,.000,100.8,115.0,0
.600,92.2,101.6,.250,108.5,110.5,0
.000,89.8,104.4,.833,99.3,95.3,1
.400,102.0,101.8,.800,101.2,90.2,1
.800,107.8,101.8,1.000,117.6,96.8,1
.200,105.4,106.4,.400,99.0,109.0,1
.250,100.0,100.8,.400,94.4,99.0,1
.000,88.3,102.3,.400,98.2,105.8,1
1.000,106.0,95.6,.600,114.2,109.6,0
.200,106.2,112.0,.600,104.0,98.4,1
.600,101.6,99.6,.500,93.8,86.8,0
.600,99.2,92.0,.750,104.5,104.0,1
.500,111.5,108.7,.667,101.2,101.3,1
.400,103.6,98.8,.400,97.4,100.4,0
.600,94.2,86.2,.400,96.0,100.4,0
.600,98.6,93.4,.500,98.0,97.8,0
.500,92.8,103.8,.667,103.8,99.0,1
.600,103.2,106.8,.400,103.6,100.2,1
.200,106.2,113.0,.000,91.2,104.3,0
.000,91.0,103.4,.833,102.3,92.2,1
.333,97.3,103.5,1.000,117.8,98.0,1
.500,96.7,92.8,.500,93.7,97.0,1
.857,102.4,98.1,.000,103.6,116.2,0
.500,98.3,103.5,.333,100.3,101.3,0
.833,102.8,95.0,.333,103.2,103.2,1
.800,95.6,92.2,.500,102.0,98.7,0
.500,101.8,109.2,.167,106.8,112.7,0
.500,102.5,108.0,.875,103.9,98.3,1
.600,98.8,96.8,.571,100.0,101.4,0
.000,102.7,114.7,.500,99.0,100.0,1
.571,102.9,108.6,.667,107.3,103.0,0
.000,90.4,102.9,.571,97.7,101.0,1
.429,103.4,102.3,.000,92.0,103.7,0
1.000,115.7,97.4,.143,105.0,111.3,0
.333,102.0,101.3,.667,101.7,92.3,1
.429,90.9,101.7,.667,93.3,85.0,1
.429,94.1,97.6,.857,102.1,92.9,1
.714,99.0,95.1,.571,96.6,90.4,1
.167,104.3,110.7,.429,100.1,100.4,1
.429,102.1,102.3,.571,113.3,107.9,1
.833,99.7,94.0,.571,103.7,102.0,0
.667,101.8,98.5,.778,104.2,100.3,0
.500,103.8,102.8,.429,98.9,103.6,1
.714,99.0,96.1,1.000,114.9,97.1,1
.375,101.0,101.6,.500,94.5,95.9,1
.375,91.0,100.8,.714,105.4,101.4,1
.625,101.4,99.8,.000,91.4,104.7,0
.714,102.3,91.7,.125,102.9,110.6,0
.571,96.3,89.7,.875,104.1,95.5,1
.143,102.0,109.3,.625,97.1,90.1,1
.500,102.8,97.3,.500,95.9,100.8,0
.429,102.3,100.4,.571,100.9,99.3,0
.429,99.9,102.9,.143,105.1,113.3,1
.500,101.5,101.5,.625,100.3,97.1,0
.625,114.8,107.0,.429,102.3,110.4,0
.125,104.3,112.4,.800,104.4,100.1,1
.556,95.3,95.3,.429,101.1,98.0,0
.444,100.6,100.8,.500,101.4,99.5,1
.625,105.8,103.5,.500,102.1,103.5,1
.444,96.6,101.0,.500,99.4,103.4,1
.125,92.4,102.3,.500,102.3,108.3,0
1.000,113.2,95.7,.333,90.2,100.7,0
.125,101.6,108.3,.444,101.0,101.3,1
.667,102.3,97.8,.000,92.9,106.5,0
.750,103.6,92.9,.444,103.4,103.9,0
.625,98.1,96.8,.222,102.7,108.6,1
.500,95.6,90.0,.667,96.6,90.2,1
1.000,114.8,97.7,.500,102.8,103.0,0
.556,105.6,105.1,.500,104.1,102.5,1
.727,103.4,100.6,.500,101.8,97.4,1
.444,100.9,99.8,.667,101.4,99.4,1
.111,99.4,106.2,.556,100.8,101.1,1
.444,101.8,108.1,.556,100.2,102.8,1
.444,102.8,103.4,.600,96.5,96.1,1
.400,103.1,103.6,.400,91.3,100.6,1
.889,102.6,94.2,.400,98.9,99.7,0
.000,92.0,106.0,.667,113.3,104.6,1
.444,95.3,91.3,.500,101.1,100.5,1
.111,94.2,103.2,.300,103.5,108.6,1
.111,101.7,111.0,.700,102.1,96.1,1
.100,94.7,103.6,1.000,114.1,97.8,1
.600,101.7,100.8,.400,101.4,108.3,0
.556,97.9,97.2,.600,105.1,104.2,1
.800,102.8,95.6,.500,97.7,101.4,1
.500,98.3,103.0,.556,104.2,100.1,1
.000,91.1,104.6,.778,102.3,91.8,1
.455,100.9,101.2,.500,103.0,109.0,1
.500,95.5,91.8,.667,102.8,100.3,0
.364,102.3,103.8,.500,101.4,99.2,1
.500,96.6,97.2,.200,99.2,104.1,1
.455,93.4,101.1,.400,103.1,104.5,0
.100,100.2,109.4,.455,98.5,98.5,1
.556,101.6,96.0,.600,110.5,104.1,0
.636,102.0,97.1,.364,103.8,107.9,1
.545,96.4,96.1,.700,100.9,99.0,1
.600,102.5,95.9,.364,100.8,108.5,0
.545,110.8,105.7,.500,95.8,102.2,1
.636,100.8,99.5,.000,90.6,103.5,0
.182,99.4,105.5,.600,105.8,100.2,1
.333,100.4,102.9,.800,101.4,90.6,1
.615,101.6,99.5,.182,94.3,102.2,1
.727,102.5,96.4,.545,97.3,97.4,1
.583,102.7,98.6,1.000,114.2,98.8,1
.455,103.1,103.3,.600,96.0,91.5,0
.545,99.8,102.5,.091,100.0,109.9,0
.455,100.7,99.5,.500,98.8,98.2,1
.455,96.6,102.6,.556,104.3,106.4,1
.333,103.3,107.5,.643,101.7,99.4,1
.667,101.3,99.7,.545,102.5,96.8,0
.167,95.7,103.3,.500,102.0,100.4,1
.308,100.6,103.3,.417,101.4,108.1,1
.083,100.3,109.9,.583,110.8,105.5,1
.417,102.9,103.3,.500,101.2,101.2,1
.583,97.7,95.2,.000,90.2,104.2,0
.727,101.1,98.8,.545,105.0,100.5,0
.500,99.7,103.1,.818,102.1,91.3,1
.538,101.6,98.2,.545,95.3,91.5,1
.417,96.9,103.7,.750,103.5,96.7,1
1.000,114.9,100.2,.545,106.2,106.0,0
.308,103.7,108.2,.636,97.8,93.1,1
.154,95.6,104.6,.583,103.9,96.7,1
.000,90.0,104.8,.538,102.8,99.5,1
.500,95.1,92.4,.692,101.3,99.2,1
.583,105.8,101.0,.462,100.2,103.9,0
.667,100.5,99.4,1.000,114.3,99.8,1
.571,101.6,97.6,.167,98.7,105.3,0
.385,100.1,107.2,.538,95.8,100.8,1
.583,97.2,96.4,.385,101.6,102.8,0
.750,101.1,92.3,.154,100.5,108.4,1
.538,98.4,97.5,.538,109.2,104.5,0
.500,104.9,105.7,.357,100.7,102.4,1
.600,101.4,100.0,.769,103.9,96.7,1
.600,103.6,105.3,.538,97.0,96.5,0
.571,99.0,97.9,.357,100.2,107.1,0
.385,96.1,105.2,.615,99.6,94.5,1
.000,90.1,104.2,.667,97.7,92.9,1
.357,103.2,106.9,.462,100.4,100.8,0
.500,94.8,100.1,.769,100.4,91.5,1
.538,103.7,97.8,.214,96.7,104.4,1
1.000,114.5,100.1,.429,100.6,104.9,0
.600,100.9,96.5,.462,103.0,104.5,0
.400,101.1,101.8,.154,98.2,105.4,0
.538,106.5,102.6,.214,102.1,108.9,1
.643,102.2,100.4,.571,109.7,105.2,1
.333,104.5,108.3,.571,104.6,101.1,1
.429,100.6,102.0,.786,104.9,97.1,1
.533,97.6,97.7,.692,97.5,91.8,1
.500,96.4,97.4,.429,97.0,103.9,1
.000,90.4,103.9,.429,101.5,102.2,1
.500,104.9,102.3,.786,100.2,91.0,1
.600,109.8,104.1,.462,94.6,93.8,0
.500,103.2,99.4,.625,102.6,99.8,1
.500,103.6,103.8,.400,100.1,105.3,0
.143,96.7,105.8,1.000,114.3,98.7,1
.600,101.8,101.1,.533,95.8,99.9,1
.692,99.9,98.5,.375,100.3,101.3,0
.643,101.3,95.3,.545,103.8,106.9,0
.000,89.8,102.7,.533,101.9,98.1,1
.500,102.4,106.4,.600,104.3,100.1,1
.643,96.3,92.6,.533,96.9,96.3,1
.563,96.2,99.4,.333,99.7,106.8,0
.500,95.1,93.6,.467,102.7,103.7,0
.375,106.0,108.9,.400,98.4,105.6,0
.588,102.2,99.8,.467,101.3,101.7,1
.200,96.9,104.7,.625,109.8,103.8,1
.500,97.2,97.8,.467,100.5,101.3,1
.267,103.3,109.3,.467,105.5,103.5,0
.563,100.6,100.3,.800,99.4,90.5,1
.733,104.5,97.5,.625,101.1,96.6,1
.462,100.5,106.8,.563,102.5,96.9,1
.750,103.9,97.1,.563,103.4,99.8,0
.813,98.9,89.8,.375,98.9,104.4,0
.000,91.2,103.5,.375,100.8,107.3,1
.643,99.4,98.9,.667,101.5,95.1,1
.250,102.4,109.4,.500,103.3,102.8,1
.611,102.9,99.8,.529,96.5,100.4,0
.667,96.3,91.7,.471,96.1,97.8,0
.500,96.3,96.7,.647,109.4,102.8,1
.375,97.9,106.1,.500,101.4,100.6,1
1.000,115.5,99.7,.438,106.2,105.4,0
.500,101.3,101.1,.353,105.1,108.4,0
.188,96.3,103.8,.765,103.1,96.5,1
.353,97.8,103.7,.588,100.1,99.1,1
.333,104.9,109.1,1.000,115.8,99.8,1
.133,96.7,105.9,.412,100.8,100.9,1
.579,102.2,100.3,.824,99.4,89.7,1
.235,101.5,108.9,.533,95.5,93.2,1
.647,100.1,95.8,.429,99.2,105.1,0
.471,95.5,96.1,.235,95.8,102.6,1
.353,96.9,105.0,.588,102.5,98.8,1
.471,101.2,101.4,.529,103.5,102.6,1
.688,101.8,95.6,.125,97.1,106.0,0
.000,90.8,102.8,.556,96.2,99.5,1
.412,101.6,107.5,.444,96.9,98.8,0
.529,101.8,97.6,.529,101.9,100.0,1
.471,106.2,105.2,.611,100.2,96.4,0
.611,108.9,103.0,.600,102.4,100.3,1
.778,98.8,89.8,.667,98.9,98.3,1
.389,101.8,107.9,.500,96.6,96.6,1
.389,100.0,101.0,.556,103.4,101.7,1
.556,102.0,97.5,.625,96.3,92.5,0
.333,96.5,103.1,.389,96.7,103.3,1
.556,100.0,99.8,.368,105.3,108.5,1
1.000,115.3,99.9,.500,96.0,94.0,0
.444,105.4,104.6,.278,95.7,101.9,1
.467,99.1,103.8,.722,102.1,96.6,0
.556,101.6,99.6,.444,100.7,101.1,0
.579,97.1,99.7,.222,101.7,109.1,0
.118,96.7,105.8,.053,91.4,102.2,1
.579,100.8,100.5,.368,100.6,101.7,0
.632,99.9,95.8,.571,101.6,100.0,0
.316,96.2,102.8,.688,98.9,97.8,1
1.000,115.3,99.9,.556,102.3,99.7,0
.421,106.3,105.8,.526,98.2,97.9,1
.211,101.6,109.1,.421,102.2,107.6,1
.706,101.9,95.3,.526,102.7,101.8,0
.050,91.2,102.1,.474,97.0,98.2,1
.368,95.3,102.8,.789,98.6,88.8,1
.167,97.3,105.7,.438,99.4,104.1,0
.800,98.9,88.5,.550,96.4,99.9,0
.579,108.2,102.7,.647,96.3,92.6,1
.667,102.4,96.8,.400,101.8,102.2,1
.579,102.6,97.5,.350,104.9,108.8,0
.350,96.7,103.0,.600,100.2,96.4,0
.579,101.6,99.3,.471,95.9,94.5,0
.158,96.8,105.4,.591,101.5,99.5,1
.450,102.1,107.0,.550,100.6,100.5,0
.350,95.3,102.8,.550,98.4,97.8,1
.684,102.4,97.5,.250,102.3,109.0,1
.263,95.4,102.3,.500,97.6,97.8,1
.400,106.3,106.0,.471,99.9,104.2,1
.579,102.3,99.5,.647,98.7,98.0,0
.333,105.2,109.3,.476,102.9,107.3,1
.550,101.6,99.5,.550,102.8,101.8,1
.650,101.5,97.6,.667,96.4,92.2,1
.476,97.2,98.2,.381,95.8,102.2,1
.429,102.1,102.2,.421,100.8,101.5,0
.381,97.2,103.0,.048,91.9,102.3,0
.550,102.8,98.0,.810,99.3,89.3,1
1.000,115.1,100.3,.571,100.6,97.1,0
.632,103.3,98.2,.500,97.3,95.9,1
1.000,115.1,100.2,.250,95.6,102.9,0
.150,96.5,105.7,.571,99.0,97.5,1
.381,105.6,105.4,.571,96.3,99.6,1
.318,104.8,108.8,.600,107.7,102.3,1
.571,101.3,100.6,.444,100.2,104.8,0
.409,105.5,105.2,.611,98.8,98.3,0
.545,98.3,97.8,.600,102.4,98.8,1
.474,100.9,104.7,.632,96.8,93.3,0
.409,101.5,101.7,.409,95.5,101.6,1
.571,103.1,102.0,.400,101.1,102.0,0
.571,103.1,97.8,.238,101.8,109.1,0
.591,101.4,100.5,.455,97.2,98.5,0
.818,100.2,88.3,.045,90.8,103.1,0
.143,96.3,105.5,.591,100.7,96.9,1
.455,103.0,107.4,.286,96.2,103.0,1
.391,101.4,101.8,.667,101.6,97.7,1
.571,100.8,98.3,.364,96.1,102.2,0
1.000,115.8,101.2,.600,104.3,99.8,0
.619,108.5,101.6,.545,96.0,100.7,0
.474,97.8,96.8,.348,105.2,108.7,1
.579,98.9,98.6,.591,103.2,97.9,1
.600,96.0,93.6,.619,102.2,97.9,1
.609,101.3,99.3,.565,101.1,100.3,0
.565,95.8,100.3,.522,98.0,97.6,0
.591,103.4,101.6,.391,95.5,101.9,0
.136,97.5,106.3,.429,102.1,102.9,1
.545,101.0,98.7,.435,105.6,105.2,1
.783,99.9,88.7,.609,100.5,96.8,1
.435,96.7,98.8,.500,98.2,96.3,1
.478,103.3,107.2,.450,101.0,105.0,0
.043,90.8,103.0,.318,96.4,102.4,1
.565,102.3,100.8,.600,98.1,97.7,1
.583,101.0,99.6,.636,108.4,101.3,1
.417,96.7,98.8,.375,104.9,108.2,1
1.000,116.1,102.0,.565,103.9,99.0,0
.409,102.4,103.3,.391,96.8,102.5,1
.571,95.4,93.7,.619,103.9,99.0,1
.636,103.1,98.0,.542,96.0,101.3,0
.429,101.2,105.0,.273,102.0,108.9,1
.682,102.0,96.7,.522,99.9,99.2,0
.542,98.4,97.5,.042,91.0,103.1,0
.417,101.6,101.6,.417,105.2,105.2,0
.130,97.0,106.4,.792,100.3,88.6,1
.375,95.0,101.4,.625,100.1,96.2,1
.652,107.8,100.8,.476,97.8,96.1,0
.800,100.4,88.2,.560,100.1,99.7,0
.583,102.5,100.8,.304,96.6,102.5,0
.261,101.7,108.4,.619,98.1,97.5,1
.583,103.7,98.8,.609,102.7,98.0,0
.455,101.8,105.3,.542,101.5,100.9,0
.591,103.5,99.9,.560,99.2,97.4,1
.125,97.0,107.3,.500,104.2,106.8,1
.960,115.3,102.2,.400,95.5,101.2,1
.440,97.3,99.2,.400,101.9,102.0,0
.520,96.0,101.2,.591,95.6,93.9,1
.455,97.8,96.5,.667,107.6,100.7,1
.391,102.3,103.5,.440,105.3,105.0,1
.040,90.4,102.8,.640,99.9,95.4,1
.609,95.8,93.6,.538,99.7,99.7,0
.542,100.1,98.5,.292,96.0,102.6,0
.038,90.6,103.3,.636,98.9,97.5,1
.423,104.8,105.0,.560,101.6,100.6,1
.480,104.4,107.1,.417,97.5,102.7,1
.600,102.6,100.9,.538,99.3,97.7,0
.615,99.5,95.8,.609,103.6,99.4,1
.435,101.5,105.6,.538,96.6,101.0,1
.250,101.7,108.3,.423,102.0,102.0,1
.435,97.1,97.4,.808,101.1,87.9,1
.696,101.5,95.8,.560,102.6,98.4,0
.385,95.5,101.6,.160,97.7,106.8,1
.440,98.1,102.6,.375,102.3,103.8,0
.462,104.1,107.1,.400,105.0,107.7,1
.037,91.1,104.2,.556,100.7,100.0,1
.625,96.1,93.8,.280,96.0,102.7,0
.519,96.2,100.9,.652,98.8,96.9,1
.538,103.1,99.2,.556,100.1,98.4,1
.407,104.8,105.9,.962,115.8,102.2,1
.538,100.8,100.9,.625,103.8,98.7,1
.370,95.3,101.7,.615,102.6,100.5,1
.360,102.2,104.0,.462,97.7,99.3,1
.407,101.6,102.1,.680,107.6,100.2,1
.583,102.5,98.6,.560,100.6,98.5,1
.417,101.2,106.0,.815,101.6,88.2,1
.280,101.8,107.7,.417,97.0,97.7,0
.593,99.5,96.3,.600,102.8,98.6,1
.654,107.3,100.4,.708,101.6,96.0,1
.481,104.2,106.3,.154,97.3,106.8,0
.571,101.0,100.0,.519,103.0,99.5,0
.571,101.8,100.0,.625,100.7,99.0,0
.500,95.9,100.8,.556,100.7,100.4,1
.357,95.9,102.4,.963,116.0,102.6,1
.269,96.1,102.7,.640,103.8,98.6,1
.607,99.8,96.2,.600,96.0,94.4,0
.385,104.6,107.4,.385,102.1,103.6,1
.393,101.3,102.1,.577,100.7,98.3,1
.481,98.0,99.3,.036,91.4,104.3,0
.269,101.2,107.6,.429,104.8,105.2,1
.593,102.7,101.0,.821,102.0,88.9,1
.423,97.7,102.4,.440,97.0,97.3,1
.571,102.5,101.2,.500,104.3,106.0,1
.615,103.0,98.5,.517,95.9,100.2,1
.600,100.3,99.3,.500,98.4,99.0,1
.148,96.6,107.2,.667,107.7,99.6,1
.577,102.7,99.0,.440,101.5,105.8,1
.407,102.0,102.9,.259,95.7,102.6,0
.034,91.2,104.4,.720,101.8,95.6,1
.296,102.3,108.2,.407,98.7,103.4,0
.379,101.6,102.6,.615,96.8,94.9,1
.586,101.0,100.0,.556,100.6,98.5,0
.379,96.0,102.1,.414,104.4,105.1,0
.407,104.6,106.9,.586,99.6,96.5,0
.367,101.4,102.7,.600,101.2,99.9,1
.393,101.9,103.3,.536,103.4,99.5,1
.286,96.0,102.6,.577,100.4,99.5,0
.556,102.4,99.1,.517,104.2,105.6,1
.679,107.4,99.5,.552,102.4,101.2,0
.571,100.9,98.5,.483,98.4,99.2,0
.593,102.6,98.8,.828,102.2,89.0,1
.400,103.9,105.2,.462,97.5,97.0,1
.393,104.4,107.1,.462,102.0,105.5,1
.179,97.1,107.2,.393,99.0,103.7,0
.586,101.4,99.7,.593,96.6,94.9,0
.533,96.2,99.8,.033,91.1,104.4,0
.536,100.6,100.5,.600,99.7,96.6,1
.567,101.4,100.0,.613,101.4,99.9,1
.552,101.3,101.1,.276,96.8,103.2,0
.552,103.3,99.1,.536,101.9,99.2,0
.467,97.9,99.0,.731,101.4,95.2,1
.444,97.0,97.2,.964,115.5,102.0,1
.414,104.5,107.1,.571,102.7,99.1,0
.690,107.8,99.0,.172,96.7,107.6,0
.032,91.4,104.7,.400,96.6,102.0,1
.833,102.4,88.8,.379,101.3,103.4,0
.355,101.0,103.1,.321,102.8,107.5,1
.500,104.1,105.6,.586,101.0,98.6,1
.414,99.2,103.4,.387,103.6,105.2,0
.516,96.0,99.8,.481,101.9,105.0,1
.704,100.7,94.9,.966,114.6,101.3,1
.806,101.8,88.7,.516,103.6,104.9,1
.567,102.1,100.6,.167,96.2,107.2,0
.310,102.2,107.1,.607,96.5,94.6,1
.593,100.6,99.4,.667,107.4,99.2,0
.452,97.9,99.5,.625,101.9,99.8,1
.500,102.2,104.6,.267,96.7,103.4,0
.500,95.9,99.8,.552,101.8,99.0,1
.571,100.9,100.1,.567,101.8,101.4,1
.567,103.2,98.9,.548,101.1,99.9,0
.613,100.1,96.4,.387,96.4,102.3,0
.586,102.7,98.7,.367,100.8,103.4,0
.500,103.7,105.0,.333,102.5,107.1,1
.621,96.9,94.8,.567,101.0,98.9,0
.063,92.0,104.7,.375,103.7,105.4,0
.679,99.9,95.3,.375,101.2,102.3,1
.400,98.7,103.3,.813,101.8,88.7,1
.581,102.4,100.7,.429,97.3,97.6,0
.438,97.7,99.6,.581,103.1,98.7,1
.161,96.2,107.3,.515,96.4,99.7,1
.387,99.2,103.9,.677,107.9,99.6,1
.394,101.1,102.0,.400,104.2,106.8,0
.594,100.0,96.6,.586,101.0,100.0,1
.156,96.3,107.3,.567,102.0,98.9,1
.375,96.3,102.3,.581,101.9,101.2,1
.387,104.1,107.3,.967,114.8,101.4,1
.606,101.4,99.6,.600,102.4,98.3,1
.290,97.2,103.5,.600,97.2,95.4,0
.323,102.1,107.0,.581,101.1,98.6,1
.690,99.9,95.3,.364,103.5,105.2,0
.355,100.6,103.3,.818,101.7,88.8,1
.061,92.0,104.4,.448,97.2,97.4,1
.594,102.5,100.4,.483,101.8,104.8,0
.700,99.7,95.1,.375,98.8,103.6,0
.618,102.0,100.1,.485,104.1,105.5,0
.581,97.0,95.5,.529,96.4,99.4,1
.531,101.0,100.2,.455,98.0,99.5,1
.364,97.1,103.2,.688,108.6,100.4,1
.182,96.8,107.2,.563,103.1,99.1,0
.581,102.3,98.5,.600,101.1,100.0,1
.606,103.1,100.9,.548,102.5,99.7,0
.935,114.1,101.8,.594,102.3,100.8,1
.433,96.6,97.3,.375,100.4,102.6,1
.281,97.1,103.4,.594,101.0,98.4,1
.364,98.9,103.8,.412,101.3,102.0,1
.088,92.5,104.4,.375,104.2,107.3,0
.353,102.7,105.4,.824,102.0,88.6,1
.467,101.5,104.4,.606,99.8,96.4,1
.364,100.1,103.0,.545,101.4,99.9,1
.938,114.1,102.0,.471,104.2,105.8,0
.382,97.8,103.6,.563,102.7,99.1,0
.618,102.9,100.6,.313,101.7,106.6,0
.343,102.8,105.6,.697,108.7,100.5,1
.400,101.2,102.2,.452,97.0,97.3,1
.441,97.5,99.7,.613,101.3,99.4,1
.086,92.3,104.1,.206,96.6,106.6,1
.576,101.6,101.0,.594,97.3,95.1,1
.531,102.2,99.8,.618,99.9,96.4,1
.576,100.7,98.5,.484,101.5,104.0,1
.303,97.2,103.2,.545,102.9,99.1,0
.706,108.7,100.2,.515,101.8,100.1,0
.559,100.1,98.7,.710,99.8,94.5,1
.333,101.8,106.4,.559,101.5,101.1,0
.353,99.2,104.0,.939,114.0,102.2,1
.529,100.8,99.7,.576,102.5,98.6,1
.083,92.5,104.8,.629,103.7,100.5,1
.400,97.7,103.1,.353,99.7,102.7,0
.333,103.3,106.6,.394,105.3,107.7,1
.457,104.2,106.2,.829,102.6,89.0,1
.514,96.2,99.2,.469,96.8,96.9,1
.417,101.5,102.3,.343,99.4,104.2,0
.324,102.6,106.3,.229,96.7,105.7,1
.600,101.9,100.4,.457,97.9,99.6,1
.625,101.7,99.8,.600,100.3,96.9,0
.606,97.2,94.5,.469,100.7,103.8,0
.559,102.9,99.0,.294,97.1,103.2,0
.583,100.3,97.6,.719,100.5,94.7,1
.543,99.8,99.2,.543,101.2,99.4,1
.500,101.8,100.4,.941,113.9,102.2,1
.559,102.4,98.7,.618,97.4,94.6,1
.833,103.1,89.2,.389,97.7,103.6,0
.412,105.6,107.6,.686,108.5,100.7,0
.343,99.7,102.9,.108,92.9,104.6,1
.528,96.0,98.6,.405,100.8,102.0,0
.472,103.9,105.8,.455,96.7,96.8,0
.472,98.1,99.7,.583,101.8,100.6,0
.378,97.9,104.0,.636,102.2,100.0,1
.400,105.9,107.9,.571,102.0,101.5,1
.943,113.7,101.8,.222,96.4,105.8,0
.556,101.2,99.3,.543,102.7,99.0,0
.595,100.1,96.9,.286,96.4,102.8,0
.486,98.1,99.4,.600,97.2,94.7,0
.361,98.8,103.4,.333,98.9,102.2,0
.583,101.9,101.3,.324,101.4,106.2,0
.514,96.0,98.9,.694,108.6,100.5,1
.571,102.2,98.4,.528,99.4,99.1,0
.486,101.8,100.7,.342,102.8,106.2,1
.639,103.8,100.4,.395,100.8,102.2,0
.441,96.7,97.6,.838,103.7,89.5,1
.727,101.1,95.3,.455,101.1,104.3,0
.528,102.4,99.0,.647,102.1,99.7,1
.429,96.6,97.7,.486,103.9,105.5,1
.595,102.5,100.5,.105,93.1,105.2,0
.216,96.9,106.1,.417,106.3,108.1,1
.541,98.9,98.5,.278,95.9,102.3,0
.703,108.9,100.8,.211,97.3,106.4,0
.351,98.4,103.1,.526,95.8,98.6,1
.568,101.7,101.1,.395,97.9,103.7,1
.735,101.8,95.4,.324,98.9,102.8,0
.583,101.9,98.0,.314,101.0,105.7,0
.611,97.4,94.7,.333,102.6,106.1,0
.944,114.1,101.9,.385,100.9,102.9,0
.474,98.2,99.4,.842,103.6,89.7,1
.605,100.0,96.7,.441,100.7,104.1,0
.629,102.2,100.3,.605,102.9,100.6,1
.270,95.7,102.3,.568,101.2,99.0,1
.472,101.3,100.6,.649,103.6,100.0,1
.457,100.9,103.9,.526,98.9,98.6,0
.615,100.2,96.7,.103,93.1,105.3,0
.946,114.5,102.3,.405,106.5,108.6,0
.595,97.0,94.8,.444,96.7,97.3,1
.459,101.1,100.5,.368,98.3,102.8,1
.568,101.9,98.3,.500,103.9,105.4,1
.306,101.3,106.0,.658,103.9,100.3,1
.459,96.4,96.7,.205,96.7,105.9,0
.514,102.3,99.1,.538,96.0,98.5,1
.579,101.5,100.7,.316,98.6,102.6,0
.385,97.6,103.6,.487,98.2,99.1,1
.743,101.6,95.1,.100,92.9,105.0,0
.684,108.9,101.2,.400,101.3,103.1,1
.846,103.6,89.4,.263,95.2,102.4,0
.472,101.2,103.8,.611,102.2,100.7,0
.579,97.1,95.2,.947,114.4,102.3,1
.750,101.9,95.5,.564,101.6,101.0,0
.850,103.8,89.7,.553,101.2,99.2,0
.325,102.5,106.4,.579,102.3,98.2,1
.297,101.0,105.7,.225,96.7,105.5,1
.513,104.0,105.0,.525,95.9,98.8,0
.595,102.1,100.8,.400,97.8,103.6,1
.692,108.7,101.1,.308,98.6,102.5,0
.500,102.6,99.6,.500,98.8,99.5,1
.564,102.1,98.4,.513,102.6,99.5,1
.488,98.9,99.8,.282,95.6,102.4,1
.590,102.5,100.8,.474,101.2,100.0,1
.923,114.3,102.6,.385,98.6,102.9,1
.300,98.7,102.7,.525,104.1,105.0,1
.564,96.9,95.5,.667,103.9,100.0,1
.550,101.3,101.2,.700,108.7,100.8,1
.447,96.1,96.8,.415,101.2,102.6,1
.316,101.2,105.4,.395,106.3,108.6,0
.390,97.9,103.6,.486,101.4,103.7,1
.220,96.7,105.8,.925,114.4,102.5,1
.538,101.2,99.3,.537,96.0,98.8,1
.625,100.3,96.8,.513,99.1,98.8,0
.605,102.5,101.1,.098,93.3,105.2,0
.730,101.7,95.6,.854,103.7,89.8,1
.410,106.2,108.4,.436,96.2,96.9,0
.317,102.5,106.6,.525,103.0,99.6,1
.429,101.6,102.6,.275,95.8,102.8,0
.561,100.9,100.6,.590,101.8,100.6,0
.575,97.0,95.5,.375,98.6,102.8,0
.737,101.4,95.1,.512,103.4,104.7,0
.500,101.8,103.7,.550,102.1,98.9,0
.575,102.4,101.0,.405,98.1,103.6,1
.462,101.4,100.3,.333,101.4,105.5,1
.293,98.6,102.9,.707,108.8,100.6,1
.268,95.6,103.0,.585,102.7,100.6,1
.419,98.3,103.3,.450,101.1,100.4,0
.902,113.9,102.7,.550,101.5,99.2,1
.425,106.3,108.3,.650,103.9,100.3,0
.476,98.8,99.8,.548,96.2,98.7,1
.419,101.3,102.9,.119,93.8,104.9,1
.214,96.4,105.9,.450,96.5,96.6,1
.537,103.3,100.0,.487,102.2,104.1,0
.537,102.7,99.6,.390,99.3,103.4,1
.524,103.6,104.4,.209,96.3,106.0,0
.310,102.1,106.9,.310,99.0,102.5,1
.561,96.4,95.5,.714,108.5,100.0,1
.548,100.5,100.8,.857,103.9,89.6,1
.500,98.6,98.8,.595,102.6,100.1,1
.439,97.1,97.2,.463,101.7,100.8,1
.905,114.3,102.6,.718,101.3,96.0,0
.524,103.6,100.4,.558,100.9,101.1,1
.600,102.1,100.7,.537,101.4,99.5,0
.512,104.3,105.3,.659,104.8,101.0,1
.325,101.4,105.4,.558,96.3,98.7,1
.116,94.3,105.2,.488,99.3,100.1,1
.262,95.7,103.3,.634,100.6,96.9,1
.432,101.5,102.8,.475,102.1,104.2,0
.721,108.6,100.0,.381,99.4,103.5,0
.432,98.1,102.8,.548,96.0,95.4,0
.302,99.0,102.8,.341,101.7,105.2,1
.548,102.5,99.5,.302,101.9,106.7,0
.725,101.1,95.6,.256,95.3,103.0,0
.907,114.6,102.4,.585,101.9,101.2,0
.295,98.9,102.9,.568,101.0,101.0,1
.548,102.0,99.9,.500,104.5,105.7,0
.439,106.4,107.9,.205,96.3,106.1,0
.429,97.4,97.7,.500,99.7,100.4,1
.452,101.5,101.0,.727,108.6,99.9,1
.136,94.3,104.8,.488,98.3,98.7,0
.605,102.6,100.1,.422,101.4,102.8,0
.512,103.7,100.8,.643,101.0,97.2,1
.535,95.8,95.7,.488,102.2,103.8,1
.643,104.7,101.4,.732,101.4,95.7,1
.568,96.4,98.8,.372,99.4,103.5,0
.535,101.9,100.2,.357,102.0,105.1,1
.860,104.2,89.6,.295,101.6,106.9,0
.591,102.3,99.9,.452,106.0,107.4,1
.571,101.8,101.5,.523,103.8,100.8,1
.442,97.7,97.4,.250,95.1,103.1,0
.733,108.6,100.1,.556,101.1,101.1,0
.535,102.7,100.0,.909,114.7,102.6,1
.422,98.1,102.7,.511,104.5,105.5,1
.864,104.3,89.8,.200,96.2,106.2,0
.651,105.0,101.0,.489,99.4,100.7,0
.465,102.0,101.4,.476,98.7,99.2,0
.523,95.5,95.8,.651,101.0,96.8,1
.478,99.1,100.7,.477,101.8,101.0,1
.581,101.7,101.0,.714,101.0,95.7,0
.523,101.9,100.3,.386,99.5,103.5,1
.556,96.5,98.9,.311,99.0,102.8,1
.413,98.2,103.0,.372,102.3,104.9,1
.578,102.1,99.8,.311,101.5,106.6,1
.196,96.4,106.5,.435,101.8,102.8,1
.523,102.6,100.2,.465,106.1,107.2,1
.717,108.5,100.4,.267,95.5,103.2,1
.543,101.2,101.4,.522,104.7,105.5,1
.533,104.0,100.6,.133,94.3,104.9,0
.636,104.7,101.3,.659,101.2,96.8,1
.533,95.3,95.5,.568,101.3,100.8,0
.304,99.2,103.1,.721,101.3,96.0,1
.587,102.5,100.0,.378,99.7,103.8,0
.844,103.9,90.4,.911,114.8,102.3,1
.465,98.8,99.4,.565,96.8,99.0,1
.532,104.9,105.6,.364,102.5,105.1,0
.489,102.4,101.6,.455,106.6,107.7,0
.533,101.7,100.1,.432,97.5,97.4,0
.543,104.3,100.4,.476,101.9,104.1,0
.543,95.5,95.6,.261,95.6,103.1,0
.644,104.4,101.0,.511,102.3,100.0,0
.553,101.0,101.2,.191,96.3,106.2,0
.455,98.8,99.6,.426,98.3,103.0,1
.723,109.0,100.9,.468,99.6,101.2,0
.304,101.6,106.8,.152,94.7,104.9,1
.444,106.4,107.8,.447,102.0,102.7,1
.465,101.6,104.1,.667,101.3,96.6,1
.652,104.0,100.6,.574,102.1,99.6,0
.370,99.7,104.0,.553,104.4,100.4,1
.298,101.4,106.9,.727,101.6,95.9,1
.149,94.7,105.0,.543,101.9,100.0,1
.542,101.1,101.7,.913,115.1,102.4,1
.729,109.3,101.3,.298,99.7,103.6,0
.521,104.7,106.1,.848,104.5,90.6,1
.478,101.8,101.6,.444,97.6,96.8,1
.563,101.9,99.9,.522,102.5,99.8,1
.578,101.6,100.5,.188,96.1,106.4,0
.417,98.0,103.0,.574,96.9,98.7,1
.435,106.3,107.9,.378,102.8,105.1,1
.458,99.4,101.3,.674,101.3,96.5,1
.383,100.1,104.1,.455,101.9,104.4,0
.444,98.7,99.9,.563,104.6,100.3,1
.255,95.2,102.9,.551,100.9,101.3,1
.733,101.8,96.2,.532,102.0,100.3,0
.184,96.1,106.3,.660,104.0,100.5,1
.553,95.7,95.7,.408,98.1,103.0,0
.292,101.0,106.8,.469,99.5,100.9,1
.510,104.8,106.3,.735,109.4,101.5,1
.468,101.6,101.7,.458,102.2,102.5,1
.292,99.5,103.5,.457,97.7,96.7,1
.830,104.5,91.2,.739,102.2,96.3,1
.467,102.3,104.8,.500,105.1,106.6,0
.375,100.2,104.3,.532,102.6,99.9,1
.426,106.6,108.2,.583,97.4,99.0,1
.250,95.4,102.9,.391,102.8,105.0,1
.915,115.0,102.5,.146,94.9,105.1,0
.521,102.1,100.6,.681,101.6,96.7,1
.286,100.6,106.5,.560,100.7,100.8,1
.565,101.4,101.0,.667,104.3,100.3,1
.479,101.6,101.3,.180,95.8,106.2,0
.551,101.6,100.0,.563,95.9,95.6,1
.917,115.0,102.3,.460,99.4,101.2,0
.551,104.8,100.7,.457,99.2,100.2,1
.286,99.4,103.4,.469,102.0,102.3,1
.549,100.6,101.0,.560,101.8,99.9,1
.531,102.1,100.6,.245,95.5,103.0,0
.667,101.4,97.0,.388,100.4,104.0,1
.745,102.4,96.5,.521,102.7,100.1,0
.592,97.7,99.0,.383,102.6,105.1,0
.457,102.2,105.0,.740,109.5,101.4,1
.400,98.2,103.2,.438,106.7,108.1,1
.447,99.0,100.4,.833,104.5,91.2,1
.553,101.3,101.0,.468,97.9,96.7,1
.551,96.0,96.0,.510,105.3,106.5,1
.280,99.7,103.7,.196,96.3,106.4,1
.560,104.6,100.4,.451,99.2,101.1,0
.673,101.4,97.0,.280,100.5,106.5,0
.392,98.2,103.3,.480,102.1,102.1,1
.520,102.0,100.6,.569,104.6,100.3,1
.531,102.9,100.1,.240,95.6,103.2,0
.729,102.3,96.7,.490,101.7,101.2,1
.560,96.0,95.8,.538,100.4,100.9,0
.294,99.9,103.7,.653,104.3,100.5,0
.438,99.3,100.7,.745,109.7,101.6,1
.569,102.2,99.6,.143,94.8,105.4,0
.563,101.4,101.1,.429,106.6,108.1,0
.375,102.5,105.3,.837,104.6,91.3,1
.380,100.1,103.6,.479,97.6,96.4,1
.918,115.4,102.7,.447,102.6,105.6,0
.442,99.3,101.3,.529,102.2,100.7,1
.212,96.3,106.2,.367,102.4,105.1,0
.519,105.4,106.5,.275,100.6,106.5,0
.680,101.6,97.2,.471,102.2,102.3,0
.520,102.8,100.2,.577,102.2,99.6,1
.420,106.8,108.5,.255,96.2,103.5,1
.569,96.0,95.8,.480,101.5,101.2,0
.577,104.6,100.4,.714,102.3,96.9,0
.840,104.9,91.3,.528,100.2,101.2,0
.551,101.6,101.3,.392,100.4,103.8,1
.600,97.5,98.7,.434,99.0,101.1,0
.660,104.3,100.3,.429,99.2,100.8,0
.385,97.8,102.9,.490,97.3,96.0,1
.140,94.7,105.5,.458,102.7,105.4,1
.449,102.7,105.4,.490,101.6,101.2,1
.360,102.0,105.0,.720,102.2,96.6,1
.731,109.7,101.9,.920,115.4,102.8,1
.481,102.0,101.8,.509,104.9,106.3,0
.519,102.2,100.9,.529,103.0,100.2,1
.537,100.5,101.3,.588,97.8,99.0,0
.540,101.6,101.6,.308,100.1,103.7,1
.250,96.3,103.5,.157,94.9,105.3,1
.500,97.4,95.9,.269,100.3,106.4,0
.208,96.4,106.2,.843,104.9,91.5,1
.412,107.1,108.9,.585,105.0,100.7,1
.667,104.3,100.2,.558,95.9,95.9,0
.404,100.4,103.6,.426,99.0,101.1,0
.566,102.1,99.5,.440,99.1,100.7,1
.451,99.5,100.9,.556,102.2,99.8,0
.396,100.4,103.6,.264,96.4,103.5,1
.529,101.4,101.7,.500,101.8,101.0,1
.404,106.9,109.1,.725,102.5,96.7,1
.686,101.6,97.0,.509,102.0,100.9,0
.204,96.2,105.9,.538,102.7,100.0,1
.491,102.2,101.9,.577,97.9,99.2,0
.373,102.3,104.9,.302,100.1,103.9,0
.673,104.1,100.0,.154,94.8,105.2,0
.736,109.9,102.0,.264,100.5,106.7,0
.510,97.8,96.4,.527,100.8,101.7,0
.500,105.0,106.6,.922,115.5,102.9,1
.846,105.2,91.7,.547,96.0,96.3,0
.574,105.1,100.9,.396,98.1,103.1,1
.460,102.9,105.5,.418,99.1,101.3,0
.660,104.7,100.8,.582,105.7,101.5,1
.585,98.2,99.1,.259,96.3,103.6,0
.564,102.4,99.7,.519,101.2,101.9,0
.200,96.5,106.1,.731,102.9,96.9,1
.407,100.5,103.4,.500,101.8,101.0,0
.509,102.1,100.9,.528,102.5,100.3,0
.673,101.8,97.4,.315,100.4,104.1,1
.500,97.8,96.4,.385,102.3,104.8,1
.849,105.0,91.8,.442,99.4,100.8,0
.415,107.1,109.1,.151,95.1,105.3,0
.923,115.5,103.0,.259,100.5,106.8,0
.491,105.0,106.8,.500,102.5,101.9,1
.451,102.7,105.4,.407,98.1,102.9,1
.377,102.1,105.1,.741,110.1,101.9,1
.509,101.1,102.0,.736,102.9,96.9,1
.833,104.7,92.0,.667,104.7,100.5,1
.491,97.6,96.5,.462,102.7,105.1,1
.556,96.4,96.6,.554,102.6,99.9,0
.411,99.1,101.4,.273,96.5,103.5,1
.660,101.9,97.7,.519,101.4,102.1,1
.836,104.9,92.4,.196,96.8,106.4,0
.309,100.5,104.2,.593,98.4,99.1,1
.519,102.0,100.8,.400,98.1,102.8,0
.148,95.5,105.6,.389,102.5,105.2,1
.537,102.5,100.3,.727,109.9,101.9,0
.518,100.9,101.8,.453,99.6,100.9,1
.500,105.2,106.7,.255,100.5,106.9,0
.906,115.3,103.6,.509,103.1,102.0,1
.400,100.7,103.7,.426,107.2,109.1,1
.571,105.5,101.7,.500,97.9,96.5,1
.491,101.5,100.9,.472,102.6,104.7,1
.411,98.4,102.9,.544,102.7,100.2,0
.907,115.3,103.8,.655,104.8,100.7,0
.463,102.4,104.9,.564,96.7,96.6,1
.421,99.2,101.3,.304,100.4,104.1,0
.527,102.0,100.7,.268,96.5,103.5,0
.193,97.1,106.7,.527,101.8,102.3,1
.145,95.6,106.1,.526,101.4,101.8,1
.579,105.8,101.7,.393,100.7,104.0,0
.400,102.6,105.3,.482,101.6,101.1,0
.741,103.2,96.8,.714,109.6,102.1,0
.545,102.6,100.3,.444,99.7,101.0,0
.839,105.2,92.7,.250,100.7,107.1,0
.491,98.1,96.8,.518,103.3,102.1,1
.582,98.1,99.1,.667,101.8,97.5,1
.909,115.0,103.5,.534,102.5,100.3,0
.491,101.5,100.9,.727,102.9,96.8,0
.246,100.4,107.4,.661,105.2,100.4,1
.536,102.4,100.3,.571,96.8,96.5,1
.190,97.2,106.7,.421,98.6,102.8,1
.569,106.1,102.1,.316,100.8,104.5,1
.673,102.2,97.5,.414,99.1,101.7,0
.436,107.3,109.1,.386,100.8,104.1,0
.455,100.1,101.2,.143,96.0,106.4,0
.263,96.6,103.6,.526,103.5,102.2,1
.491,105.4,106.8,.500,98.4,97.1,1
.393,102.4,105.3,.473,102.6,104.6,1
.464,102.6,104.7,.536,101.9,102.3,1
.518,102.0,101.0,.732,103.1,96.9,1
.719,109.7,102.1,.517,101.4,102.1,0
.140,95.9,106.5,.500,101.6,100.7,1
.407,99.2,101.8,.544,102.5,100.4,1
.397,100.6,103.7,.649,104.8,100.2,0
.186,97.6,107.1,.589,98.6,99.5,1
.911,115.1,103.7,.561,97.1,96.9,0
.842,105.2,92.7,.429,107.1,109.1,0
.310,100.9,104.6,.679,102.4,97.6,1
.414,98.7,103.0,.576,106.2,102.2,1
.707,109.8,102.5,.404,102.7,105.6,1
.912,115.3,103.9,.446,100.4,101.7,0
.276,97.0,103.7,.241,100.5,107.6,0
.500,105.6,106.8,.517,103.5,102.5,0
.845,105.1,92.4,.491,98.1,97.1,0
.526,101.7,102.3,.542,102.5,100.1,1
.390,100.8,104.1,.525,101.7,102.3,1
.526,101.9,100.9,.534,102.4,100.3,0
.596,98.9,99.4,.183,97.5,107.2,0
.439,100.3,101.8,.417,99.4,101.7,1
.474,102.6,104.5,.138,95.8,106.4,0
.655,105.0,100.3,.421,107.1,109.2,0
.719,103.0,96.9,.684,102.4,97.6,1
.552,96.9,96.9,.583,106.1,102.0,1
.525,103.5,102.3,.517,101.6,102.3,0
.847,105.0,92.5,.492,105.4,106.8,0
.508,101.6,100.5,.407,98.6,103.0,0
.322,101.1,104.7,.397,102.9,105.7,0
.914,115.4,104.1,.695,110.0,102.8,0
.586,99.0,99.6,.254,100.7,107.6,1
.288,97.0,103.6,.483,98.1,97.1,0
.517,101.5,100.6,.550,102.2,99.7,1
.317,101.1,105.1,.533,102.2,102.3,1
.672,102.3,97.9,.517,101.9,100.5,1
.533,103.6,102.3,.525,102.4,100.5,0
.559,96.9,96.7,.410,99.1,101.6,0
.136,96.2,106.8,.448,100.8,102.1,1
.707,102.9,97.2,.483,102.8,104.4,1
.250,100.5,107.9,.525,101.9,100.5,1
.441,100.9,102.4,.541,102.5,102.4,1
.541,102.3,99.8,.915,115.3,104.1,1
.279,97.0,103.6,.197,97.7,107.1,1
.508,101.7,102.8,.567,97.5,96.9,1
.541,103.6,102.0,.403,98.8,101.7,0
.532,103.5,102.3,.597,106.1,101.7,1
.194,97.8,107.2,.393,101.0,104.1,1
.390,102.7,105.6,.492,105.6,106.9,1
.689,110.1,103.0,.667,104.9,100.2,1
.407,107.1,109.5,.600,99.2,99.5,1
.525,102.3,100.5,.410,99.1,103.3,0
.500,103.0,104.3,.311,101.0,105.1,0
.500,101.5,102.8,.450,100.9,102.2,1
.533,102.2,100.5,.131,96.4,107.1,0
.508,101.5,100.5,.850,104.9,92.3,1
.467,97.9,97.3,.678,102.4,97.8,1
.417,107.0,109.4,.532,102.5,102.4,0
.677,110.0,103.3,.917,115.4,104.2,1
.246,100.4,107.9,.574,97.6,96.8,1
.852,104.7,92.2,.383,102.5,105.4,0
.397,98.9,101.7,.603,106.1,101.7,1
.516,102.3,100.6,.541,102.3,100.5,1
.492,102.7,104.4,.717,103.0,97.0,1
.290,97.4,103.9,.387,101.3,104.4,0
.548,102.3,99.4,.190,97.5,107.2,0
.459,97.8,97.2,.607,99.1,99.3,1
.306,101.0,105.3,.419,99.4,103.3,1
.258,100.4,107.5,.443,100.6,102.2,0
.581,97.9,96.9,.129,96.5,107.2,0
.524,103.6,102.5,.683,102.6,98.1,1
.484,105.5,106.9,.508,101.6,102.7,1
.594,106.1,102.0,.721,103.2,97.1,1
.556,102.4,99.4,.656,104.8,100.3,0
.286,97.7,104.3,.317,101.5,105.5,1
.468,97.9,97.2,.377,102.3,105.4,0
.500,101.3,100.5,.406,99.0,101.5,1
.410,106.8,109.3,.855,104.7,92.2,1
.524,102.2,100.6,.484,102.6,104.3,0
.524,102.6,102.6,.397,101.6,104.5,1
.516,103.6,102.8,.508,101.7,100.5,1
.902,115.1,104.3,.203,97.7,107.0,1
.270,100.6,107.4,.597,99.1,99.5,0
.127,96.5,107.2,.587,98.0,96.9,1
.683,110.0,103.2,.413,99.3,103.3,0
.492,105.6,106.9,.672,102.7,98.3,0
.406,99.2,103.2,.516,101.6,102.5,1
.313,101.5,105.5,.548,102.4,100.5,1
.603,99.2,99.5,.710,103.2,97.2,0
.661,104.9,100.1,.516,102.4,102.7,0
.435,100.8,102.5,.903,115.1,104.4,1
.841,104.5,92.3,.531,102.2,100.4,1
.403,106.9,109.4,.387,102.5,105.5,1
.400,98.9,101.6,.406,101.7,104.3,1
.429,100.8,102.5,.215,97.9,106.9,1
.844,104.7,92.3,.308,101.4,105.7,0
.476,102.7,104.5,.523,103.8,102.9,1
.281,97.8,104.3,.677,102.7,98.3,1
.563,102.2,99.2,.460,97.7,97.1,0
.594,99.1,99.8,.600,106.2,101.9,1
.381,102.7,105.8,.556,102.7,100.7,1
.516,101.7,100.5,.508,102.3,102.7,0
.453,97.6,97.4,.905,115.1,104.3,1
.578,98.1,97.2,.415,99.4,103.3,1
.651,104.9,100.5,.688,110.1,103.3,1
.500,105.8,106.9,.125,96.7,107.3,0
.409,99.3,101.6,.266,100.5,107.7,0
.714,103.5,97.4,.397,107.0,109.6,0
.262,100.5,107.8,.415,101.9,104.2,1
.719,103.8,97.6,.212,98.0,107.1,0
.508,101.6,102.6,.846,104.7,92.4,1
.554,102.1,99.2,.683,102.7,98.3,1
.508,105.7,106.8,.591,106.1,101.9,0
.585,98.4,97.2,.500,101.5,102.9,0
.508,101.7,100.7,.563,102.9,100.7,1
.515,103.9,103.3,.906,115.3,104.4,1
.403,99.3,101.6,.656,104.9,100.4,1
.375,102.9,106.0,.600,99.5,100.0,1
.318,101.3,105.5,.677,109.9,103.2,0
.277,97.6,104.2,.138,96.6,107.0,1
.438,100.9,102.5,.391,106.8,109.5,0
.469,102.6,104.7,.462,97.9,97.3,1
.591,99.2,99.9,.561,102.0,99.0,1
.500,105.8,107.0,.569,103.3,100.9,1
.538,102.3,100.5,.500,102.4,102.9,0
.462,102.5,104.8,.424,102.1,104.2,1
.258,100.7,108.0,.908,115.5,104.6,1
.369,102.7,106.0,.424,99.4,103.1,1
.515,102.0,100.9,.136,96.8,107.3,0
.431,100.6,102.8,.522,104.2,103.0,1
.667,109.5,103.0,.848,104.6,92.3,1
.576,98.5,97.4,.688,102.9,98.4,1
.530,101.9,100.5,.567,102.1,98.6,1
.433,99.6,103.1,.273,97.7,104.3,0
.723,103.9,97.5,.646,104.6,100.6,0
.412,99.1,101.4,.209,97.9,106.8,0
.470,98.0,97.3,.385,106.7,109.5,0
.507,102.4,102.8,.561,103.2,101.0,0
.364,102.8,106.2,.909,115.6,104.6,1
.582,99.0,100.4,.507,106.1,106.6,1
.418,102.4,104.5,.582,98.9,97.7,1
.515,104.0,103.4,.672,109.8,102.9,1
.313,101.4,105.5,.269,100.8,108.0,1
.508,101.6,102.9,.677,102.9,98.6,0
.712,103.6,97.4,.478,98.0,97.1,1
.507,101.7,101.2,.470,102.9,104.5,1
.134,97.1,107.7,.284,98.2,104.4,1
.582,106.0,101.9,.537,101.9,100.5,1
.394,106.7,109.3,.206,97.9,106.8,0
.682,103.0,98.4,.426,99.4,103.1,0
.412,102.5,104.6,.439,100.9,102.9,1
.636,104.4,100.7,.851,104.6,92.2,1
.676,110.1,103.0,.574,106.0,102.4,0
.433,100.8,102.9,.567,103.2,100.9,1
.500,102.4,102.7,.716,103.6,97.4,1
.574,102.3,98.9,.500,101.9,101.5,0
.406,98.9,101.6,.910,115.7,104.3,1
.642,104.6,100.8,.500,106.1,106.9,0
.324,101.6,105.6,.574,99.1,100.6,0
.373,103.1,106.3,.388,106.7,109.5,0
.500,101.5,103.2,.478,103.1,104.3,1
.406,102.4,104.8,.580,102.5,98.8,1
.279,98.2,104.6,.507,101.8,103.1,1
.687,103.0,98.3,.529,101.8,100.5,0
.574,103.3,101.0,.574,99.0,97.9,0
.565,98.9,100.5,.435,99.4,102.9,1
.485,103.0,104.2,.132,97.1,107.5,0
.507,104.1,103.6,.853,104.8,92.5,1
.265,100.3,107.9,.485,98.0,96.7,1
.912,115.9,104.4,.493,102.5,103.1,0
.382,106.8,109.6,.507,102.1,101.6,1
.319,101.7,105.7,.507,106.3,106.9,1
.275,100.2,107.7,.203,97.7,106.6,0
.514,104.3,103.7,.368,103.2,106.4,0
.721,103.6,97.5,.426,100.9,103.0,0
.681,110.1,102.9,.130,97.1,107.6,0
.565,105.8,102.4,.691,103.0,98.2,1
.500,106.1,107.0,.586,102.6,98.8,1
.478,97.9,96.7,.515,101.6,102.9,1
.414,102.4,104.6,.565,103.1,101.0,0
.275,98.3,104.8,.514,102.3,101.6,1
.686,110.2,103.0,.522,101.9,100.7,0
.632,104.6,100.9,.571,99.1,100.5,1
.710,103.6,97.9,.580,99.3,97.9,1
.899,115.4,104.2,.855,104.6,92.3,1
.400,98.8,101.6,.493,103.0,104.0,1
.507,104.5,104.1,.500,102.9,103.3,1
.486,97.8,96.5,.429,99.2,102.8,0
.623,104.6,101.1,.377,103.3,106.4,1
.391,106.5,109.2,.394,98.5,101.4,0
.571,106.0,102.4,.129,97.2,107.8,0
.420,100.9,103.1,.696,103.0,98.3,1
.500,103.2,103.9,.577,102.6,99.1,0
.414,100.8,103.1,.577,106.0,102.3,1
.386,106.4,109.2,.522,101.8,102.9,1
.843,104.3,92.3,.571,103.0,100.8,1
.408,102.3,104.9,.714,103.9,97.8,1
.423,99.1,102.6,.521,102.1,101.5,1
.127,96.9,107.5,.529,101.8,100.3,1
.900,115.3,104.2,.314,101.7,105.8,0
.577,99.2,100.5,.271,100.2,107.6,0
.577,103.0,100.8,.271,98.3,104.8,0
.569,99.2,100.6,.214,97.9,106.5,1
.586,99.5,98.0,.371,103.2,106.5,0
.493,106.2,107.0,.690,110.2,103.1,1
.686,102.7,98.2,.583,105.8,102.0,1
.403,98.7,101.5,.514,101.8,103.0,0
.417,99.1,102.8,.718,104.0,97.9,1
.125,96.9,107.5,.417,102.3,104.9,1
.408,100.8,103.3,.528,102.3,101.5,1
.614,104.5,101.2,.901,115.3,104.1,1
.493,97.7,96.4,.486,105.9,106.8,0
.380,106.4,109.2,.324,101.9,105.7,1
.211,98.0,106.7,.282,100.5,107.6,1
.493,102.9,103.4,.514,104.6,104.1,1
.577,99.4,98.2,.845,104.4,92.2,1
.583,102.8,99.1,.493,103.1,104.2,0
.708,103.9,97.9,.282,98.4,104.6,1
.366,102.9,106.3,.535,101.6,100.1,1
.507,104.5,104.0,.620,104.4,101.1,1
.507,101.7,103.1,.411,98.8,101.4,1
.486,97.6,96.6,.694,110.2,102.9,1
.411,99.0,102.7,.589,102.8,99.0,1
.569,103.0,101.0,.534,102.5,101.5,1
.486,103.2,103.8,.903,115.4,104.3,1
.676,102.8,98.4,.493,106.0,106.8,1
.425,102.5,104.9,.208,98.1,106.8,0
.403,100.8,103.4,.583,99.5,98.1,1
.278,100.4,107.7,.389,106.5,109.0,1
.562,99.2,100.7,.847,104.5,92.4,1
.333,102.3,106.1,.486,103.5,104.6,0
.528,101.8,100.4,.292,98.7,104.7,1
.595,102.9,98.9,.527,102.4,101.6,0
.575,103.2,100.8,.405,98.9,102.9,0
.493,97.5,96.4,.329,102.1,105.9,0
.681,102.9,98.3,.361,102.8,106.4,0
.712,103.9,97.9,.405,98.8,101.5,0
.836,104.3,92.6,.699,110.2,102.8,1
.500,101.5,103.2,.411,100.9,103.2,1
.589,105.8,102.0,.274,100.4,107.6,0
.123,97.1,107.5,.514,104.5,104.0,1
.122,97.2,107.6,.904,115.5,104.3,1
.486,105.9,106.8,.534,101.8,100.4,1
.419,102.3,104.9,.625,104.4,101.0,1
.493,103.5,104.4,.205,98.0,106.8,0
.479,103.3,104.2,.397,106.9,109.0,1
.600,102.9,98.9,.493,101.5,103.2,0
.486,103.2,103.9,.413,102.1,104.8,0
.581,105.6,102.1,.630,104.5,100.8,1
.838,104.3,92.6,.554,99.1,100.7,0
.288,98.7,104.8,.589,99.6,98.2,1
.270,100.6,107.8,.338,102.3,106.0,1
.400,98.7,101.4,.370,102.7,106.2,1
.392,106.7,109.0,.520,104.5,103.9,1
.703,110.4,102.7,.671,102.9,98.5,0
.203,97.6,107.0,.500,97.9,96.1,1
.493,105.9,106.7,.703,103.9,98.0,0
.693,110.0,102.5,.533,102.2,101.4,1
.486,103.3,104.3,.905,115.3,104.2,1
.500,101.5,103.1,.527,101.7,100.4,0
.284,98.8,105.2,.419,101.4,103.2,1
.581,103.1,100.6,.120,97.0,107.5,0
.395,98.5,101.3,.493,103.0,103.7,1
.581,99.6,98.2,.213,97.7,106.9,1
.421,102.2,104.8,.547,99.1,100.8,0
.267,100.5,107.8,.413,99.0,102.8,1
.635,104.4,100.5,.333,102.0,105.9,0
.480,103.4,104.5,.400,106.9,109.0,1
.365,102.6,106.1,.840,104.2,92.6,1
.592,102.9,99.0,.676,102.9,98.5,1
.907,115.1,104.1,.493,97.8,96.2,0
.280,98.6,105.3,.707,103.9,97.8,1
.507,101.5,103.0,.487,105.8,106.6,0
.427,101.6,103.1,.520,101.6,100.5,0
.416,102.1,104.7,.373,102.6,106.0,1
.627,104.6,100.8,.697,110.1,102.7,1
.573,105.6,102.3,.526,104.7,103.9,1
.711,104.0,98.0,.584,102.9,99.2,0
.118,96.9,107.4,.587,103.1,100.5,1
.500,103.0,103.6,.526,102.0,101.3,0
.579,105.6,102.4,.895,115.0,104.1,0
.680,102.9,98.5,.539,99.1,100.8,0
.421,101.7,103.2,.421,99.2,102.9,1
.276,98.5,105.3,.403,98.6,101.2,1
.487,103.5,104.5,.263,100.5,107.7,0
.587,99.8,98.3,.395,106.9,109.1,0
.329,101.8,105.8,.500,97.8,96.1,1
.532,101.9,101.2,.500,101.3,102.9,0
.403,107.0,109.0,.410,102.2,104.9,0
.526,101.8,100.6,.117,97.0,107.5,0
.579,99.7,98.5,.532,104.7,103.8,1
.671,102.8,98.5,.842,104.2,92.6,1
.382,102.6,105.7,.273,98.4,105.3,0
.579,103.1,100.6,.714,104.1,98.0,1
.526,104.8,104.2,.896,115.3,104.2,1
.688,110.1,102.9,.494,106.0,106.7,1
.481,103.5,104.6,.632,104.7,100.9,1
.584,105.7,102.3,.211,97.7,106.9,0
.506,101.4,102.8,.416,99.1,102.9,0
.506,102.8,103.2,.325,101.5,105.6,0
.532,101.7,100.4,.397,98.5,101.0,0
.532,99.2,101.0,.429,101.9,103.3,1
.506,97.9,95.9,.260,100.3,107.6,0
.256,100.1,107.6,.590,102.9,99.0,1
.692,110.3,102.9,.405,102.2,105.1,0
.333,101.8,105.7,.885,115.3,104.5,0
.208,97.5,106.8,.636,104.7,100.6,1
.500,101.2,102.9,.538,99.3,100.9,1
.526,101.7,101.3,.584,99.8,98.3,1
.718,104.2,97.8,.410,98.9,102.9,0
.377,102.5,105.7,.128,97.1,107.3,1
.532,104.9,104.2,.397,107.0,109.1,0
.571,102.9,100.6,.675,102.7,98.4,1
.844,104.0,92.5,.500,97.7,95.8,0
.372,102.4,105.7,.590,105.6,102.3,1
.487,105.7,106.4,.513,102.6,103.0,1
.709,104.2,98.1,.538,101.9,100.5,1
.641,104.5,100.4,.205,97.3,106.6,0
.577,103.0,100.5,.392,98.4,101.2,0
.532,101.8,101.3,.423,101.9,103.3,0
.684,110.3,103.1,.538,105.1,104.4,1
.269,98.4,105.5,.487,103.8,104.6,1
.667,102.5,98.4,.595,102.8,98.9,1
.833,103.9,92.8,.886,115.2,104.4,1
.266,100.4,107.7,.481,105.8,106.6,0
.494,101.2,102.9,.590,99.9,98.3,1
.342,101.8,105.6,.392,106.8,109.0,0
.405,99.0,103.2,.595,105.9,102.4,1
.266,98.4,105.6,.582,103.2,100.5,1
.532,99.2,100.9,.519,102.6,102.9,1
.823,103.9,92.9,.413,102.2,105.0,1
.481,103.7,104.7,.538,102.0,101.3,1
.203,97.4,106.7,.380,102.5,105.7,1
.582,100.0,98.5,.430,102.1,103.4,1
.400,98.6,101.2,.127,97.2,107.4,0
.532,101.9,100.6,.671,102.6,98.4,1
.646,104.5,100.4,.494,97.7,95.9,0
.588,105.9,102.6,.600,103.0,99.0,1
.700,104.2,98.2,.500,101.2,102.9,1
.888,115.1,104.4,.525,99.2,100.9,0
.275,100.7,107.6,.375,102.5,105.9,0
.350,101.9,105.6,.531,105.1,104.4,0
.675,110.4,103.3,.400,106.9,109.1,1
.500,97.8,95.8,.407,101.9,105.0,0
.200,97.5,107.0,.488,106.2,106.7,1
.263,98.5,105.9,.538,102.2,100.7,1
.513,102.5,102.8,.650,104.4,100.3,1
.425,102.0,103.6,.588,100.2,98.5,1
.675,102.5,98.2,.395,98.5,101.1,0
.413,99.2,103.3,.125,97.3,107.4,0
.889,114.8,104.1,.813,103.7,92.9,0
.575,103.1,100.7,.488,103.8,104.6,1
.580,103.2,100.7,.580,105.8,102.7,0
.494,104.0,104.7,.259,98.7,106.0,0
.593,102.9,99.1,.704,104.3,98.2,1
.494,106.4,106.7,.346,101.9,105.9,0
.506,101.5,103.1,.370,102.6,106.0,0
.198,97.3,107.0,.679,110.4,103.0,1
.407,99.1,103.3,.432,102.0,103.5,1
.407,106.9,109.0,.272,100.7,107.6,0
.519,102.4,102.7,.494,97.7,95.8,0
.593,100.2,98.4,.531,101.8,101.2,0
.390,98.4,101.1,.543,102.2,100.6,1
.519,99.0,101.0,.654,104.5,100.0,1
.671,110.2,102.9,.815,103.6,92.9,1
.123,97.3,107.6,.679,102.7,98.2,1
.585,100.0,98.4,.585,105.7,102.5,1
.683,102.7,98.2,.256,98.6,106.0,0
.122,97.4,107.6,.512,101.6,103.1,1
.427,102.1,103.7,.585,103.4,100.7,1
.537,102.0,101.4,.695,104.3,98.3,0
.817,103.5,92.9,.512,102.3,102.6,0
.512,99.1,101.3,.890,114.9,104.1,1
.402,106.6,109.1,.500,106.5,106.4,1
.488,97.7,95.9,.207,97.3,106.9,1
.549,102.2,100.5,.402,99.0,103.2,0
.366,102.7,106.5,.354,102.4,106.0,1
.646,104.5,100.2,.280,100.9,107.5,1
.402,101.9,105.0,.537,105.1,104.3,1
.585,102.8,99.2,.500,104.1,104.6,1
.585,105.7,102.5,.585,102.8,99.2,1
.500,106.5,106.4,.890,114.9,104.1,1
.512,102.3,102.6,.671,110.2,102.9,1
.549,102.2,100.5,.683,102.7,98.2,0
.537,102.0,101.4,.695,104.3,98.3,1
.537,105.1,104.3,.646,104.5,100.2,1
.585,103.4,100.7,.585,100.0,98.4,1
.512,99.1,101.3,.817,103.5,92.9,1
.500,106.5,106.4,.890,114.9,104.1,1
.512,102.3,102.6,.671,110.2,102.9,0
.549,102.2,100.5,.683,102.7,98.2,1
.585,105.7,102.5,.585,102.8,99.2,1
.512,99.1,101.3,.817,103.5,92.9,1
.537,102.0,101.4,.695,104.3,98.3,1
.537,105.1,104.3,.646,104.5,100.2,1
.585,103.4,100.7,.585,100.0,98.4,1
.671,110.2,102.9,.512,102.3,102.6,0
.890,114.9,104.1,.500,106.5,106.4,1
.683,102.7,98.2,.549,102.2,100.5,0
.585,102.8,99.2,.585,105.7,102.5,1
.695,104.3,98.3,.537,102.0,101.4,0
.817,103.5,92.9,.512,99.1,101.3,0
.585,100.0,98.4,.585,103.4,100.7,1
.671,110.2,102.9,.512,102.3,102.6,0
.683,102.7,98.2,.549,102.2,100.5,1
.646,104.5,100.2,.537,105.1,104.3,1
.585,102.8,99.2,.585,105.7,102.5,1
.695,104.3,98.3,.537,102.0,101.4,0
.890,114.9,104.1,.500,106.5,106.4,0
.817,103.5,92.9,.512,99.1,101.3,0
.585,100.0,98.4,.585,103.4,100.7,1
.512,102.3,102.6,.671,110.2,102.9,1
.646,104.5,100.2,.537,105.1,104.3,1
.585,105.7,102.5,.585,102.8,99.2,1
.549,102.2,100.5,.683,102.7,98.2,1
.500,106.5,106.4,.890,114.9,104.1,1
.537,105.1,104.3,.646,104.5,100.2,0
.585,103.4,100.7,.585,100.0,98.4,0
.585,102.8,99.2,.585,105.7,102.5,0
.585,100.0,98.4,.585,103.4,100.7,0
.683,102.7,98.2,.549,102.2,100.5,1
.646,104.5,100.2,.537,105.1,104.3,1
.671,110.2,102.9,.817,103.5,92.9,1
.537,105.1,104.3,.890,114.9,104.1,1
.585,103.4,100.7,.585,100.0,98.4,1
.549,102.2,100.5,.683,102.7,98.2,1
.585,102.8,99.2,.695,104.3,98.3,1
.671,110.2,102.9,.817,103.5,92.9,0
.537,105.1,104.3,.890,114.9,104.1,1
.585,100.0,98.4,.683,102.7,98.2,0
.585,102.8,99.2,.695,104.3,98.3,1
.585,100.0,98.4,.683,102.7,98.2,1
.695,104.3,98.3,.585,102.8,99.2,0
.817,103.5,92.9,.671,110.2,102.9,0
.683,102.7,98.2,.585,100.0,98.4,0
.890,114.9,104.1,.537,105.1,104.3,1
.695,104.3,98.3,.585,102.8,99.2,0
.817,103.5,92.9,.671,110.2,102.9,1
.683,102.7,98.2,.585,100.0,98.4,1
.890,114.9,104.1,.537,105.1,104.3,0
.671,110.2,102.9,.817,103.5,92.9,0
.537,105.1,104.3,.890,114.9,104.1,1
.585,100.0,98.4,.683,102.7,98.2,1
.817,103.5,92.9,.671,110.2,102.9,1
.683,102.7,98.2,.585,100.0,98.4,1
.585,100.0,98.4,.683,102.7,98.2,1
.671,110.2,102.9,.890,114.9,104.1,0
.683,102.7,98.2,.695,104.3,98.3,1
.671,110.2,102.9,.890,114.9,104.1,1
.683,102.7,98.2,.695,104.3,98.3,1
.695,104.3,98.3,.683,102.7,98.2,1
.890,114.9,104.1,.671,110.2,102.9,1
.695,104.3,98.3,.683,102.7,98.2,1
.890,114.9,104.1,.671,110.2,102.9,1
.683,102.7,98.2,.695,104.3,98.3,1
.671,110.2,102.9,.890,114.9,104.1,1
.695,104.3,98.3,.683,102.7,98.2,0
.890,114.9,104.1,.671,110.2,102.9,0
.671,110.2,102.9,.890,114.9,104.1,1
.695,104.3,98.3,.890,114.9,104.1,1
.695,104.3,98.3,.890,114.9,104.1,1
.890,114.9,104.1,.695,104.3,98.3,1
.890,114.9,104.1,.695,104.3,98.3,0
.695,104.3,98.3,.890,114.9,104.1,0
.890,114.9,104.1,.695,104.3,98.3,1
.695,104.3,98.3,.890,114.9,104.1,0
.000,88.0,117.0,1.000,117.0,88.0,1
1.000,129.0,100.0,.000,100.0,129.0,0
.000,104.0,113.0,1.000,113.0,104.0,1
.000,117.0,122.0,1.000,122.0,117.0,1
.000,121.0,130.0,1.000,130.0,121.0,1
.000,114.0,120.0,1.000,120.0,114.0,1
.000,98.0,102.0,1.000,102.0,98.0,1
1.000,107.0,96.0,.000,96.0,107.0,0
1.000,107.0,102.0,.000,102.0,107.0,0
1.000,108.0,96.0,.000,96.0,108.0,0
1.000,103.0,97.0,.000,97.0,103.0,0
1.000,113.0,94.0,.000,94.0,113.0,0
.000,91.0,109.0,1.000,109.0,91.0,1
.000,99.0,114.0,1.000,114.0,99.0,1
.500,110.5,111.0,1.000,105.0,99.0,1
1.000,114.0,106.0,.500,109.5,109.0,0
1.000,115.5,97.0,.500,103.5,98.0,0
.500,112.0,112.0,.500,110.0,108.0,1
.500,110.0,109.0,.000,109.5,118.0,0
.000,89.0,108.0,.500,99.5,95.5,1
1.000,102.0,93.5,.500,99.5,96.5,0
.500,111.0,121.5,.000,108.0,114.5,0
.000,102.0,113.0,1.000,108.0,103.5,1
1.000,105.5,89.5,.500,100.0,92.5,0
.500,104.5,105.0,.500,100.0,101.0,1
.333,108.3,114.0,1.000,111.5,100.0,1
.667,108.3,106.7,.667,100.7,97.0,0
.000,92.3,107.0,1.000,105.3,92.7,1
.667,111.3,110.3,.500,110.0,108.5,0
.333,109.3,108.7,.500,103.0,107.5,1
.500,103.0,104.5,.500,99.5,110.5,1
1.000,109.0,85.5,.000,84.5,103.5,0
.000,100.5,104.0,.667,104.3,99.7,1
.000,98.3,109.0,1.000,109.7,91.0,1
.333,96.3,104.3,.667,99.0,91.3,1
.000,103.7,109.7,.667,104.3,103.3,1
.333,91.7,96.7,1.000,101.0,90.5,1
.000,101.0,113.0,.667,106.0,104.0,1
1.000,108.8,93.0,.333,99.3,99.7,0
.333,101.7,107.7,1.000,109.7,101.0,1
.667,109.3,114.3,.000,101.3,110.7,0
.500,102.0,101.3,1.000,108.0,88.7,1
1.000,113.7,96.0,.250,104.0,111.0,0
.000,100.5,112.0,1.000,106.0,93.0,1
.333,107.3,107.3,.667,101.7,95.7,1
.500,108.3,109.5,1.000,111.0,99.5,1
.333,96.0,107.7,.750,99.8,90.8,1
.250,103.3,109.5,.500,110.0,112.5,1
.400,100.8,102.6,.500,101.5,98.8,1
.500,99.5,107.0,.333,105.7,96.0,1
.500,101.5,106.5,.000,102.0,111.0,0
.250,95.0,105.5,.000,90.0,103.3,0
.750,113.8,111.8,.500,109.5,114.5,0
.500,95.3,95.3,.800,105.2,95.6,0
.400,107.2,110.8,.750,110.0,97.3,0
.750,110.3,98.8,.750,108.0,105.0,1
.600,100.0,94.4,.400,105.0,109.0,1
.000,90.8,104.8,.750,102.8,96.0,1
1.000,103.5,96.5,.750,100.3,91.0,0
.000,98.2,106.6,.600,97.4,102.2,1
.600,110.2,107.4,.250,96.8,110.3,0
.400,110.6,115.2,.200,104.0,112.6,1
.000,98.0,106.5,.600,95.6,92.4,1
.750,104.5,97.5,.000,101.7,113.0,0
.600,110.8,109.6,1.000,114.4,104.0,1
.800,102.0,101.6,.800,115.4,108.6,1
.400,109.4,115.0,.600,106.2,106.6,1
.500,106.0,105.3,.250,104.0,97.5,0
.333,99.7,102.5,.400,96.4,103.2,1
.800,102.0,95.8,.333,103.3,107.3,0
.400,100.8,109.0,.600,109.0,102.4,0
.500,109.7,111.8,.000,97.4,106.2,0
.667,112.3,110.0,.500,108.8,108.5,1
.800,100.0,90.4,.500,95.8,101.7,0
.333,105.3,112.3,.000,100.3,107.5,0
.400,98.6,98.2,.800,102.8,95.4,1
.833,104.3,94.0,.500,94.0,93.7,0
.600,106.4,96.8,.250,100.0,107.8,1
.500,108.0,108.2,.667,107.3,96.8,1
.400,102.0,104.8,.667,100.5,93.0,1
.500,106.5,103.8,.500,109.7,111.5,1
.286,98.4,104.6,.667,108.0,104.0,1
.200,101.6,100.4,.833,103.7,100.0,1
.200,97.2,103.8,.500,95.0,100.3,1
1.000,112.3,103.5,.000,92.8,104.2,0
.833,102.7,90.7,.714,102.6,97.1,0
.500,105.5,105.2,.500,110.2,111.8,0
.571,103.3,101.4,.167,95.5,101.0,1
.286,105.7,113.3,.571,110.3,108.4,1
.571,108.3,109.3,.429,95.6,101.4,0
.571,96.9,95.9,.333,102.2,109.8,0
.375,98.1,102.9,.667,100.8,95.5,0
.429,92.9,102.0,.571,107.3,100.4,1
.429,108.3,113.0,.833,105.3,96.5,1
.000,101.1,108.7,.714,112.9,109.4,1
.571,97.9,96.0,.857,104.3,89.4,1
.333,96.3,98.0,.857,102.7,97.9,1
.625,98.4,94.4,.000,91.3,105.0,0
.571,108.9,107.9,.167,98.7,105.5,0
.167,103.0,103.5,.429,105.6,107.7,1
.714,107.7,98.1,.857,111.4,104.4,0
.286,97.4,100.4,.500,108.6,108.5,0
.429,105.7,105.6,.500,97.1,102.1,1
.250,107.6,114.6,.625,110.3,110.8,1
.000,100.3,107.9,.444,98.6,101.9,1
.500,107.3,102.3,.750,108.6,99.3,1
.556,98.3,95.4,.857,105.1,96.7,1
.250,97.1,102.4,.750,113.3,107.6,1
.000,94.7,107.4,.500,110.0,113.3,1
.556,106.9,110.8,.875,105.1,88.3,1
.375,104.4,108.0,.429,103.3,107.9,1
.714,102.4,96.4,.750,102.6,99.6,0
.286,105.9,104.0,.375,94.6,104.6,0
.500,98.1,97.4,.333,107.6,113.0,1
.625,107.9,106.8,.625,102.1,97.6,0
.429,107.7,112.7,.286,101.4,103.7,1
.778,114.6,106.9,.375,105.1,108.0,0
.556,106.2,101.4,.286,96.1,98.0,0
.111,101.6,107.7,.500,103.6,102.8,0
.556,107.8,106.6,.400,97.8,101.8,0
.375,101.3,108.8,.500,108.6,109.5,1
.750,103.8,98.3,.750,105.9,98.8,0
.889,105.7,90.4,.667,103.2,100.8,0
.600,97.2,93.3,.333,92.3,102.7,0
.444,109.4,112.8,.125,96.5,107.1,1
.364,99.8,103.6,.600,108.4,111.7,1
.444,96.8,97.2,.667,101.4,96.3,1
.875,110.6,103.1,.250,100.5,103.9,0
.111,96.4,108.2,.778,109.6,98.9,1
.222,99.9,104.1,.600,106.2,100.8,1
.500,97.7,97.0,.333,104.0,107.8,0
.700,101.9,96.7,.556,107.0,106.7,0
.556,108.2,108.3,.400,108.4,112.0,0
.636,97.6,93.1,.250,95.5,98.5,0
.444,97.0,102.6,.556,103.9,102.0,1
.900,107.0,91.9,.250,105.8,105.9,0
.600,109.6,105.8,.100,101.3,109.5,0
.444,106.3,107.6,.300,107.2,113.9,0
.333,101.9,109.8,.778,105.3,99.2,1
.667,104.4,98.9,.889,109.4,102.0,1
.273,108.4,115.6,.800,116.4,108.2,1
.545,108.6,107.5,.333,107.9,105.1,1
.400,95.0,104.1,.600,104.6,102.6,0
.300,104.1,108.2,.636,108.7,111.1,1
.545,103.1,102.7,.545,98.3,96.2,1
.100,95.6,108.9,.600,107.8,104.8,1
.364,92.6,102.6,.455,106.5,108.1,1
.400,105.2,109.5,.909,108.8,92.2,1
.500,107.9,108.1,.182,101.7,109.1,1
.222,94.9,101.3,.400,101.0,106.5,1
.222,94.9,98.0,.727,101.2,96.1,1
.500,97.5,101.9,.583,97.5,93.8,0
.700,106.5,101.4,.900,110.6,103.5,1
.364,106.4,110.9,.583,110.0,108.4,1
.800,107.9,98.0,.200,94.4,97.5,0
.700,105.5,99.8,.300,107.9,106.1,0
.636,106.8,99.6,.583,107.0,111.3,0
.500,103.5,102.5,.818,107.8,98.2,1
.200,93.7,100.2,.545,106.3,105.8,1
.250,108.0,116.0,.364,105.5,107.8,1
.818,109.0,103.5,.500,106.3,106.8,1
.545,98.7,102.4,.833,108.7,93.8,0
.500,98.6,96.9,.455,101.4,106.1,1
.545,107.4,104.8,.583,103.3,102.8,1
.167,100.1,107.4,.417,92.3,100.9,1
.200,100.1,104.6,.182,96.8,108.3,1
.750,101.9,96.8,.333,100.3,104.2,0
.818,117.4,109.4,.636,107.8,103.7,0
.538,107.2,112.4,.583,108.9,105.2,1
.455,100.7,101.9,.273,94.5,95.3,1
.167,95.9,108.4,.364,108.1,104.3,1
.667,105.0,97.8,.538,95.9,93.2,0
.417,102.3,107.2,.273,101.8,105.3,1
.833,116.3,107.6,.500,104.8,105.7,0
.750,106.8,98.3,.727,105.0,99.5,1
.462,97.2,97.5,.833,108.6,101.6,1
.583,97.2,99.2,.182,91.0,98.4,0
.667,108.3,104.3,.333,106.0,108.3,0
.308,108.6,114.5,.462,105.5,107.5,0
.769,103.0,97.6,.538,109.8,109.0,0
.500,106.7,112.4,.231,101.1,106.9,1
.333,106.3,112.0,.615,104.8,102.9,1
.846,109.6,95.4,.308,101.4,105.5,0
.538,103.9,104.6,.429,96.9,97.2,0
.500,96.4,94.4,.615,109.1,104.9,1
.615,104.2,98.1,.857,109.1,95.4,1
.333,105.0,103.3,.615,96.8,97.0,1
.846,116.8,108.6,.417,102.4,103.8,0
.667,105.9,101.3,.286,102.5,107.6,1
.167,90.7,98.1,.462,92.5,99.8,1
.286,108.4,114.9,.231,97.8,108.2,1
.333,96.2,96.6,.250,102.6,106.0,0
.533,108.2,112.2,.308,106.5,113.3,0
.467,96.0,95.1,.385,105.9,106.9,1
.643,105.2,98.9,.500,109.8,109.6,0
.692,105.8,98.8,.462,102.4,106.2,1
.500,106.1,107.8,.571,105.3,103.8,0
.615,107.5,104.2,.357,101.4,105.0,1
.643,97.4,96.5,.615,104.7,101.5,0
.643,108.4,104.3,.400,96.8,97.3,0
.857,117.1,106.8,.467,104.6,108.6,0
.571,108.1,105.5,.867,110.0,96.7,1
.429,92.3,99.4,.462,101.7,102.6,1
.571,103.6,103.8,.308,104.1,103.0,0
.308,96.0,96.9,.286,98.0,107.1,1
.154,90.7,97.9,.786,102.5,97.1,1
.267,107.9,114.3,.308,102.8,105.6,1
.333,103.1,106.7,.643,105.0,99.7,0
.600,105.3,99.7,.429,106.2,106.9,1
.533,105.5,104.3,.533,109.9,109.6,1
.500,107.9,111.9,.500,102.7,105.9,1
.600,104.1,103.0,.286,105.4,113.1,0
.800,103.6,98.3,.571,105.4,102.8,0
.471,108.9,113.4,.846,110.8,103.4,1
.875,110.9,97.1,.143,91.6,99.8,0
.286,95.1,97.6,.438,97.4,96.5,1
.500,109.6,112.1,.867,119.2,106.7,1
.600,108.5,105.3,.600,107.9,105.0,0
.667,104.4,98.7,.438,103.4,107.8,0
.286,103.5,104.0,.375,104.0,106.0,1
.313,106.9,112.6,.400,91.9,98.9,0
.667,97.9,96.7,.267,98.1,106.9,0
.500,105.3,105.0,.400,102.4,104.7,1
.400,104.7,107.0,.500,96.8,94.4,1
.813,103.9,98.6,.563,104.0,103.4,0
.133,91.5,101.7,.857,112.0,102.4,1
.529,106.8,106.4,.375,106.2,108.6,0
.824,110.1,97.8,.471,98.1,96.5,1
.267,104.9,113.5,.471,104.2,107.2,1
.875,118.6,105.4,.471,108.2,111.9,0
.333,94.8,96.5,.625,96.8,96.3,0
.625,108.3,104.9,.429,101.5,102.8,0
.533,105.7,103.5,.533,103.4,106.3,1
.357,102.2,104.6,.375,91.9,98.6,0
.625,105.3,99.0,.250,97.5,106.8,0
.333,103.1,102.7,.294,105.6,111.7,0
.353,104.0,106.8,.500,109.4,112.8,1
.625,108.5,104.9,.375,102.5,105.5,0
.625,102.1,98.5,.529,96.6,92.8,1
.500,103.3,106.3,.563,105.8,103.4,1
.313,103.1,103.5,.882,118.4,105.2,1
.647,97.6,96.9,.313,95.6,97.4,0
.444,97.5,97.1,.556,106.8,105.4,1
.824,104.4,98.6,.333,102.1,105.1,0
.412,103.6,105.5,.250,104.9,114.0,0
.333,102.7,105.9,.188,91.5,100.4,1
.778,107.8,97.4,.500,103.5,105.1,1
.588,101.6,99.1,.500,108.2,110.9,1
.467,101.7,102.3,.353,92.1,98.9,0
.867,112.0,102.8,.235,98.1,107.1,0
.412,107.0,108.9,.278,106.1,112.2,0
.647,109.8,105.5,.474,109.7,113.7,0
.556,101.6,99.4,.889,117.6,104.9,1
.588,105.7,102.3,.611,96.9,97.3,0
.588,104.5,103.4,.294,96.1,98.2,0
.556,97.5,93.4,.294,103.1,104.0,0
.579,107.1,105.3,.471,103.3,106.6,0
.222,97.9,107.9,.647,109.1,104.3,1
.389,103.2,105.2,.375,102.0,104.4,1
.737,108.6,98.9,.294,106.2,114.5,1
.474,98.3,96.6,.556,104.8,102.8,0
.813,111.3,103.8,.500,102.7,102.3,1
.474,107.2,110.6,.368,102.8,104.9,1
.389,92.3,98.0,.778,103.2,98.4,0
.611,109.3,106.3,.579,98.7,93.8,1
.500,99.4,97.5,.556,105.0,104.4,0
.500,106.6,109.6,.588,104.4,98.8,0
.789,102.7,97.8,.176,91.2,100.0,0
.333,96.6,98.2,.389,106.5,108.7,0
.500,103.4,106.5,.278,103.1,104.1,0
.353,102.8,105.7,.600,108.0,105.8,1
.526,101.8,99.9,.316,106.2,111.9,1
.474,103.8,106.5,.500,110.8,113.5,1
.579,97.3,98.5,.667,109.7,104.3,1
.529,103.2,101.7,.278,105.4,114.3,0
.167,91.0,99.8,.579,104.4,102.0,1
.750,108.8,98.7,.765,110.3,104.3,0
.632,110.5,107.4,.842,118.1,106.3,0
.368,92.4,97.8,.600,97.2,98.3,1
.368,97.4,98.8,.550,99.3,94.7,0
.524,100.4,96.9,.500,101.0,101.0,0
.368,102.6,104.8,.579,104.6,103.7,1
.722,110.0,104.7,.611,104.8,99.2,1
.650,111.4,107.5,.368,106.7,109.7,0
.762,109.0,98.6,.350,102.5,105.4,0
.263,103.7,104.8,.526,104.2,106.9,1
.400,93.0,97.4,.211,97.4,107.8,0
.333,102.9,105.8,.800,103.0,98.2,1
.476,105.3,109.7,.684,109.9,103.1,1
.300,104.8,105.6,.550,105.2,103.2,0
.579,103.6,99.6,.211,91.8,98.9,1
.300,106.4,113.2,.850,119.1,106.5,1
.455,105.1,109.4,.619,97.5,98.3,1
.263,105.3,114.2,.556,103.7,101.8,1
.600,104.7,103.9,.200,97.9,107.8,0
.350,97.1,98.9,.524,110.2,112.5,1
.476,100.2,102.3,.700,110.8,102.1,1
.350,106.3,109.5,.571,99.5,94.8,1
.429,93.2,97.1,.500,100.0,97.0,0
.500,104.2,106.3,.727,108.7,99.1,0
.350,102.4,104.9,.550,104.3,106.5,1
.333,102.0,105.2,.619,107.7,105.1,1
.636,107.4,104.8,.455,100.1,102.3,0
.368,103.7,106.2,.250,105.7,114.4,0
.545,110.3,112.4,.550,103.9,100.2,0
.571,105.3,103.0,.200,92.3,99.4,0
.476,104.2,108.0,.857,120.2,106.4,1
.571,104.8,104.0,.667,111.1,107.4,1
.591,99.9,95.1,.435,104.9,109.3,0
.810,102.7,98.1,.526,103.3,101.5,0
.636,98.0,98.8,.318,102.3,105.4,0
.381,106.2,109.0,.190,97.9,107.7,0
.737,110.3,105.1,.667,110.9,102.8,0
.524,103.3,100.3,.522,100.1,96.7,1
.182,97.5,107.1,.652,98.0,98.4,1
.571,104.8,106.3,.333,97.4,99.6,0
.818,102.8,97.8,.286,104.1,105.6,0
.286,106.3,113.1,.609,100.4,95.5,1
.455,94.6,98.0,.350,104.3,107.1,0
.318,97.3,99.7,.478,100.3,102.0,1
.364,106.5,109.3,.286,106.2,114.2,1
.500,99.2,96.3,.591,104.5,101.9,1
.381,103.2,104.1,.190,92.1,100.4,0
.417,104.5,110.3,.682,112.2,106.9,1
.864,120.0,106.0,.696,108.3,99.8,0
.522,110.1,112.5,.550,103.9,101.8,1
.750,111.1,104.5,.545,104.3,107.2,0
.591,105.3,103.2,.435,94.3,98.8,0
.500,104.5,107.3,.273,105.7,113.0,0
.783,102.3,97.7,.545,102.9,99.9,1
.500,109.1,111.5,.667,97.5,97.9,1
.217,97.6,106.3,.304,101.7,105.1,0
.273,104.4,106.4,.682,111.5,103.1,1
.870,119.3,105.7,.583,100.3,96.0,0
.348,105.5,108.5,.381,103.7,106.0,1
.696,111.0,102.7,.565,104.8,103.1,0
.417,94.0,99.2,.609,104.7,101.3,1
.304,96.7,100.3,.762,111.2,103.5,1
.478,104.4,107.5,.227,93.0,100.5,1
.304,106.3,113.0,.400,104.9,110.7,0
.500,100.8,102.3,.524,104.1,102.4,0
.520,99.9,96.0,.261,103.7,106.9,0
.696,111.7,106.5,.609,107.0,104.7,0
.565,104.2,106.9,.364,103.0,104.0,0
.292,96.8,100.5,.565,103.0,99.9,1
.583,104.7,101.9,.773,111.5,103.6,1
.217,92.7,100.9,.708,111.6,105.7,1
.480,109.2,111.7,.500,105.0,107.6,1
.292,101.8,106.3,.708,109.3,100.0,1
.833,118.1,105.9,.680,98.0,97.6,1
.375,106.2,108.7,.400,94.8,100.1,0
.273,106.0,114.9,.792,103.4,97.8,1
.348,102.2,104.0,.600,100.5,95.5,1
.500,104.2,102.7,.409,104.0,106.0,1
.250,97.6,105.2,.500,99.1,96.1,0
.583,104.8,107.1,.385,105.2,111.0,0
.840,118.0,106.0,.250,103.9,107.3,0
.542,104.5,103.0,.625,106.7,104.3,1
.320,102.5,106.8,.292,106.8,113.3,0
.360,105.6,108.8,.250,93.5,100.5,1
.261,106.5,115.2,.720,112.0,106.2,1
.560,104.3,102.2,.520,105.2,107.1,1
.462,109.6,112.1,.720,109.8,100.8,1
.391,103.9,106.2,.320,97.4,100.6,1
.370,104.7,111.1,.375,102.8,103.5,1
.478,104.0,103.6,.708,111.5,102.6,1
.423,96.2,100.8,.480,101.6,103.4,0
.280,103.7,106.7,.542,102.6,99.8,0
.654,97.6,97.8,.783,111.1,102.8,1
.846,117.8,106.1,.308,102.8,107.0,0
.560,105.0,107.3,.320,107.1,113.2,1
.600,106.2,104.7,.481,109.8,111.4,1
.357,104.4,111.0,.292,106.5,114.5,1
.519,98.9,95.7,.240,93.2,100.3,0
.360,102.6,104.7,.731,112.8,105.9,1
.750,110.0,102.4,.667,97.4,97.3,1
.500,104.5,106.6,.346,97.3,100.1,1
.731,109.9,101.1,.407,96.6,101.3,0
.720,111.9,103.0,.240,98.2,105.9,0
.520,104.3,103.2,.800,103.6,97.9,1
.577,105.6,104.9,.615,100.8,95.2,1
.538,104.3,102.5,.417,104.1,106.2,1
.464,110.1,112.2,.385,106.6,109.3,1
.538,104.5,107.2,.852,117.3,105.5,1
.520,102.4,100.2,.500,104.2,103.3,1
.481,104.2,106.4,.333,102.7,106.6,1
.808,103.7,97.7,.308,106.5,113.0,0
.519,103.7,102.2,.538,104.0,102.6,1
.520,103.8,101.9,.500,101.1,100.0,0
.321,102.6,107.1,.741,113.1,105.7,1
.385,102.3,104.2,.643,97.2,97.3,0
.741,109.6,101.0,.333,97.4,100.2,0
.280,106.7,114.6,.429,97.4,101.6,1
.379,104.3,110.2,.231,97.9,105.7,0
.500,102.5,104.1,.692,112.3,103.9,0
.231,93.5,100.4,.630,100.9,95.4,1
.500,99.3,96.6,.440,104.8,106.3,1
.536,103.9,102.1,.481,102.4,104.2,0
.367,104.4,110.5,.760,110.4,102.6,1
.519,104.8,107.9,.407,107.4,109.4,1
.500,104.2,105.9,.483,98.9,96.9,0
.448,109.4,113.0,.857,117.9,105.0,1
.750,113.1,105.8,.269,103.9,106.9,0
.296,106.3,113.0,.593,105.9,104.7,1
.370,101.5,104.0,.259,93.7,99.6,1
.643,100.2,94.6,.621,96.4,96.7,0
.556,104.0,102.3,.321,97.3,100.4,0
.704,112.1,103.0,.414,96.8,101.9,0
.269,106.7,114.3,.259,98.3,105.7,1
.310,102.6,107.3,.815,104.1,97.8,1
.714,109.6,101.6,.462,105.3,106.4,1
.467,98.4,97.4,.519,101.6,99.3,1
.250,94.1,100.2,.429,107.7,109.4,1
.444,105.3,106.4,.517,104.3,105.8,1
.286,106.4,113.1,.296,104.3,106.9,1
.500,102.6,104.4,.571,106.0,104.9,0
.355,104.7,110.7,.552,104.3,102.5,1
.621,99.3,94.9,.862,117.4,103.9,1
.821,104.0,97.9,.724,112.6,105.7,0
.414,107.5,109.7,.724,109.9,101.6,1
.571,104.3,102.5,.600,96.8,97.2,0
.433,98.1,102.8,.310,98.4,101.6,0
.769,110.5,102.8,.500,104.0,102.4,0
.500,104.5,106.2,.536,105.3,108.0,1
.333,102.7,106.9,.250,98.1,105.8,0
.433,109.8,113.4,.393,102.4,104.6,1
.259,106.6,114.4,.714,112.3,103.0,1
.321,103.9,106.1,.483,102.0,103.9,0
.464,105.3,106.1,.500,101.4,99.6,0
.481,103.9,102.8,.778,110.6,102.8,1
.613,96.8,96.9,.452,98.0,97.5,0
.586,106.5,105.1,.323,103.0,107.3,0
.733,113.0,105.8,.276,106.5,113.5,0
.276,94.2,100.0,.419,109.4,112.8,0
.414,102.1,104.2,.600,99.1,94.9,0
.867,117.4,103.8,.250,106.4,114.5,0
.586,104.5,102.5,.484,104.5,106.3,0
.793,103.9,98.1,.733,109.8,101.6,1
.344,104.8,110.9,.333,99.0,101.8,1
.419,98.0,102.9,.552,105.3,107.6,1
.600,106.8,105.3,.567,104.7,103.0,0
.483,101.0,99.7,.567,104.3,102.1,1
.241,106.1,114.7,.786,110.9,102.7,1
.500,102.2,104.1,.400,107.5,109.7,0
.871,117.5,104.1,.438,98.4,98.1,0
.300,94.1,99.6,.710,109.1,101.2,0
.710,112.9,106.1,.625,97.4,97.3,1
.448,105.0,106.7,.500,104.6,102.5,1
.433,102.3,104.2,.310,103.9,106.2,0
.323,98.6,101.4,.344,102.6,106.7,1
.333,104.3,110.8,.438,98.3,102.5,1
.241,98.7,106.4,.300,107.1,113.6,1
.800,104.1,97.9,.406,108.8,112.8,0
.724,112.0,102.8,.581,99.1,95.2,0
.844,117.2,104.3,.793,110.8,102.9,1
.688,108.9,101.5,.353,104.5,110.6,1
.581,105.2,103.4,.533,105.6,107.9,0
.300,103.8,106.4,.613,107.0,105.2,1
.467,101.0,100.3,.806,104.6,97.9,1
.548,104.7,102.7,.267,106.6,114.8,1
.469,103.8,105.8,.484,100.6,99.8,1
.767,110.1,103.0,.455,98.7,97.9,1
.290,107.3,114.2,.719,113.5,106.4,1
.419,107.5,109.4,.667,108.7,101.6,0
.484,101.8,104.1,.323,103.8,105.9,1
.290,94.4,100.0,.364,102.8,106.6,1
.606,97.5,97.7,.455,98.7,102.5,1
.733,111.4,102.4,.394,108.2,112.2,0
.233,98.7,106.2,.452,102.3,104.1,1
.483,104.5,102.7,.467,105.1,106.5,1
.588,97.7,98.1,.594,105.4,103.3,1
.727,113.8,106.4,.281,94.8,100.7,0
.594,99.2,95.3,.343,104.4,110.3,0
.625,107.0,104.8,.313,98.4,101.6,0
.516,105.4,107.7,.500,101.8,103.9,1
.258,106.4,114.3,.500,100.7,99.8,1
.313,103.8,105.8,.438,107.4,109.2,1
.500,105.0,102.4,.441,98.5,98.5,0
.710,111.4,103.0,.848,117.3,104.5,1
.647,108.4,101.6,.382,102.8,106.4,1
.563,105.2,102.6,.441,98.8,103.0,0
.438,101.9,104.0,.412,108.0,111.5,1
.281,107.0,114.3,.813,105.0,97.9,1
.455,103.9,106.0,.484,105.3,106.5,1
.303,97.9,101.2,.576,104.8,102.0,1
.576,105.8,104.0,.774,110.6,103.5,1
.303,95.0,100.4,.333,103.9,110.1,0
.606,106.2,105.1,.600,98.2,97.6,1
.688,110.8,102.9,.303,106.8,113.6,1
.226,98.2,106.0,.606,99.2,95.0,1
.429,98.5,98.7,.515,101.9,103.7,1
.294,98.4,101.7,.588,106.1,104.3,1
.250,99.0,106.5,.424,107.8,109.7,0
.294,95.1,100.6,.853,117.0,104.3,1
.629,108.6,102.7,.735,114.5,106.7,1
.485,100.7,100.2,.471,104.1,105.8,1
.484,104.8,102.8,.333,104.2,105.6,1
.500,104.9,107.6,.400,102.9,105.9,1
.400,107.6,111.5,.818,105.2,97.8,1
.250,106.0,114.4,.500,105.7,106.1,1
.500,105.1,102.6,.471,100.5,100.6,0
.781,110.9,103.6,.559,104.9,102.6,0
.485,105.5,108.3,.743,114.9,107.1,1
.611,108.0,103.1,.618,106.4,104.6,1
.611,98.6,97.6,.424,101.8,104.3,0
.294,106.2,112.9,.618,98.9,94.7,1
.794,105.4,98.3,.529,102.3,103.9,1
.429,98.9,103.4,.486,104.5,105.8,1
.697,111.2,103.2,.324,104.2,110.4,0
.444,98.8,98.7,.286,98.4,101.9,0
.417,107.3,110.9,.324,103.7,105.3,0
.629,99.0,94.5,.242,105.5,114.0,0
.543,105.1,103.0,.486,101.0,100.9,1
.389,102.3,105.5,.788,110.3,103.0,1
.412,108.2,110.2,.857,117.3,104.7,1
.485,105.2,106.0,.750,114.6,106.7,1
.286,105.9,112.8,.622,108.0,102.9,1
.600,106.0,104.4,.515,104.9,102.4,1
.444,99.4,103.4,.471,105.4,108.5,0
.611,99.1,95.1,.600,106.4,104.3,1
.471,105.2,106.2,.314,95.6,100.7,1
.441,102.3,104.5,.400,108.3,110.5,0
.500,104.9,106.1,.432,99.2,99.3,0
.595,98.6,98.1,.342,104.5,110.2,1
.314,103.3,105.0,.273,98.8,106.1,1
.278,98.2,101.8,.306,105.8,112.2,1
.676,110.3,103.4,.800,105.5,97.8,1
.583,106.2,104.9,.556,105.6,103.3,1
.500,101.2,100.7,.765,109.8,103.1,0
.405,107.5,111.2,.861,117.5,105.1,1
.579,98.8,98.6,.632,108.2,103.0,1
.529,104.9,102.4,.457,105.3,108.4,0
.543,102.5,103.6,.432,99.2,103.6,0
.297,98.4,101.8,.429,102.3,104.6,0
.324,105.6,111.7,.306,95.6,100.8,0
.806,106.1,97.9,.389,108.1,110.9,0
.541,105.8,103.6,.447,99.6,99.7,1
.568,106.5,105.3,.757,114.6,106.9,1
.235,105.6,114.2,.514,105.4,106.1,1
.556,102.4,103.3,.378,102.1,105.3,0
.333,104.6,110.4,.421,107.8,111.2,1
.595,99.0,95.3,.686,110.0,103.1,1
.265,99.1,106.2,.611,106.5,104.3,1
.771,110.0,103.2,.229,105.7,114.3,0
.590,99.6,99.1,.838,117.5,105.7,0
.289,98.4,102.4,.350,105.2,110.1,1
.472,105.6,108.4,.514,105.1,102.8,0
.763,114.3,106.6,.421,99.0,103.5,0
.641,108.2,102.9,.417,102.2,104.6,0
.306,103.4,105.2,.486,105.4,106.1,1
.368,102.2,105.6,.622,106.8,104.4,1
.667,110.3,103.7,.514,101.8,101.2,1
.568,102.3,102.8,.297,95.2,100.6,0
.459,105.7,108.8,.526,105.8,106.2,1
.605,98.8,95.2,.297,103.1,104.9,0
.378,108.0,111.2,.579,106.8,105.3,1
.526,105.2,103.5,.811,106.0,97.5,1
.286,99.2,105.9,.222,105.4,114.0,0
.282,98.1,102.3,.650,107.9,102.5,1
.410,98.9,103.7,.366,105.3,109.8,1
.590,98.3,95.0,.600,99.3,98.6,1
.500,105.4,106.0,.500,105.0,102.9,0
.778,110.3,103.6,.316,105.9,111.9,0
.462,100.3,100.3,.410,108.2,111.5,0
.842,117.5,105.7,.405,102.3,105.0,0
.769,114.6,107.0,.649,110.6,104.4,0
.590,106.9,105.0,.500,101.6,101.4,0
.289,95.1,100.7,.316,103.0,104.5,1
.385,102.4,105.4,.447,105.5,108.9,0
.579,102.7,102.6,.216,105.1,114.1,0
.275,98.1,102.5,.846,117.3,105.4,1
.513,105.5,104.0,.775,114.8,107.2,1
.425,108.2,110.9,.357,104.9,109.7,0
.450,100.1,100.3,.421,102.2,104.7,1
.514,105.1,103.0,.789,106.0,97.8,0
.605,106.8,104.7,.658,110.7,104.4,1
.757,109.8,103.5,.600,98.4,94.9,1
.487,101.5,101.4,.514,105.3,105.8,1
.500,105.4,106.1,.615,107.0,104.7,1
.400,98.9,103.8,.659,107.8,102.3,1
.756,114.6,107.4,.333,103.4,104.5,1
.585,99.2,98.7,.600,106.8,104.8,1
.436,105.3,108.6,.306,99.2,105.6,1
.737,109.1,103.4,.439,108.1,110.3,1
.400,102.5,105.1,.211,104.9,113.8,0
.513,106.0,107.1,.395,108.8,111.2,1
.439,100.3,100.9,.850,117.5,105.5,1
.475,101.2,101.5,.450,105.2,108.1,1
.308,95.6,100.8,.308,106.0,112.0,0
.349,104.7,110.3,.795,106.7,97.7,1
.625,106.9,104.7,.564,102.6,102.6,0
.595,99.5,98.9,.738,114.3,107.5,0
.268,98.3,102.8,.526,105.4,103.2,1
.585,106.3,104.5,.350,103.3,104.1,1
.500,105.2,103.9,.324,99.3,105.3,1
.415,99.2,103.9,.429,108.1,110.4,0
.744,109.4,103.5,.410,102.4,105.1,0
.205,105.1,114.3,.667,111.2,104.6,1
.429,99.7,101.1,.610,98.7,94.5,1
.390,102.4,105.2,.488,101.3,101.4,1
.341,104.5,110.3,.667,108.0,102.2,1
.775,106.7,98.0,.325,106.0,111.8,1
.405,99.4,104.1,.619,99.0,94.8,1
.316,99.1,105.4,.513,105.5,105.8,1
.513,105.2,103.4,.575,102.9,102.5,1
.744,114.9,107.6,.200,105.3,114.9,0
.341,102.9,103.9,.325,95.7,100.5,1
.442,99.8,101.0,.333,104.3,110.2,0
.500,101.5,101.5,.581,99.6,99.1,0
.595,106.7,104.9,.400,102.8,105.5,0
.439,105.1,108.3,.675,111.3,104.6,1
.488,105.0,104.0,.634,107.0,104.5,1
.395,99.7,104.6,.410,109.3,111.2,1
.725,109.0,104.1,.854,117.7,105.1,1
.381,102.2,105.0,.525,105.8,106.8,1
.581,106.5,105.2,.674,108.2,102.1,1
.333,99.5,105.3,.500,105.2,103.6,0
.585,103.0,102.6,.429,105.2,108.3,0
.628,99.2,94.9,.317,105.9,111.7,0
.419,107.9,110.7,.525,105.9,105.7,1
.683,111.5,104.7,.195,105.3,115.0,0
.341,95.7,100.4,.488,101.4,101.4,0
.425,109.7,111.5,.326,104.7,110.5,0
.727,114.6,107.6,.286,98.5,102.8,1
.333,103.1,104.4,.780,107.1,98.4,1
.442,105.4,108.2,.619,106.9,104.8,0
.409,107.4,110.6,.500,105.0,103.6,1
.571,102.8,103.0,.455,100.2,100.9,1
.568,106.3,105.6,.857,117.8,105.0,1
.488,104.8,103.8,.733,114.5,107.3,1
.386,99.7,104.9,.395,102.6,104.8,1
.667,111.0,104.4,.350,99.3,104.9,1
.537,105.8,106.6,.390,102.7,105.5,0
.568,99.6,99.2,.537,105.8,105.5,1
.310,105.8,111.8,.732,109.2,104.1,1
.349,103.1,104.3,.659,108.1,102.1,0
.333,95.7,100.4,.302,98.6,102.6,1
.548,106.0,105.6,.432,105.5,108.3,0
.415,109.6,111.6,.786,107.3,98.5,1
.477,101.2,101.4,.581,102.8,102.7,1
.651,110.2,104.6,.512,105.2,103.0,1
.636,99.5,95.2,.326,96.0,100.7,0
.860,118.0,105.0,.717,114.4,107.7,0
.524,105.5,106.6,.340,104.7,110.2,1
.381,102.4,105.5,.578,99.8,99.0,1
.214,106.2,115.0,.386,102.8,105.7,0
.476,104.6,104.0,.400,100.0,104.7,1
.400,107.1,110.2,.366,99.2,104.6,1
.357,99.0,104.7,.591,102.9,102.5,1
.413,107.5,110.5,.605,107.3,105.3,0
.372,102.3,105.5,.489,101.2,101.4,1
.209,106.2,114.9,.523,105.4,103.0,1
.791,107.6,98.9,.714,109.3,104.4,0
.644,107.8,102.6,.429,109.9,111.3,1
.535,106.1,105.8,.467,100.5,101.2,1
.723,114.5,107.4,.565,99.7,99.4,0
.465,104.4,104.1,.318,98.8,102.5,1
.326,105.9,111.7,.422,105.5,108.3,0
.512,105.4,106.7,.644,99.7,95.3,1
.333,104.1,110.4,.341,96.6,100.0,1
.419,109.8,111.3,.364,103.3,104.4,1
.864,118.0,104.9,.391,99.9,105.0,0
.341,106.1,111.5,.636,110.0,104.8,0
.652,108.0,102.6,.578,103.0,102.8,0
.795,107.7,98.6,.205,105.8,114.8,0
.545,106.2,105.7,.511,105.2,103.2,0
.386,102.5,105.4,.457,100.6,101.3,0
.435,105.6,108.2,.500,105.3,106.8,0
.844,117.6,104.9,.333,98.9,102.5,1
.708,114.5,107.8,.477,105.0,104.3,1
.698,109.6,104.9,.400,103.3,106.1,1
.578,106.1,105.3,.630,99.6,95.3,0
.617,99.4,95.5,.432,109.7,110.9,1
.500,101.2,101.2,.383,99.7,104.9,0
.638,108.0,103.0,.372,99.5,104.9,1
.378,103.5,104.5,.333,106.2,111.5,0
.800,107.7,98.8,.622,110.0,104.9,0
.591,107.3,105.7,.556,106.6,105.7,1
.694,114.3,108.1,.600,107.6,105.8,1
.348,99.2,102.5,.200,105.8,114.7,0
.587,103.3,103.0,.489,101.5,101.5,0
.848,117.5,104.8,.500,105.2,103.4,0
.400,102.8,105.6,.682,109.7,105.1,0
.426,105.4,108.1,.356,96.7,99.9,1
.609,109.7,104.8,.574,99.7,99.4,1
.386,99.9,105.0,.467,105.0,104.5,0
.587,106.3,105.3,.391,103.3,106.2,0
.327,104.0,110.3,.426,107.4,110.2,1
.326,106.5,111.8,.444,110.1,111.1,1
.511,105.4,106.7,.370,103.5,104.6,0
.348,96.7,100.1,.596,106.3,105.2,1
.320,103.6,110.0,.625,99.4,95.4,1
.565,106.7,105.3,.574,103.0,103.2,0
.375,99.7,105.4,.609,108.0,105.6,1
.362,99.2,102.2,.479,101.2,101.5,0
.196,106.0,114.9,.689,110.0,105.4,1
.391,103.0,105.8,.522,105.6,106.8,1
.783,107.6,99.2,.404,103.7,106.2,1
.489,105.2,103.5,.438,105.5,108.1,1
.700,114.5,108.3,.378,100.3,105.4,0
.563,99.9,99.7,.438,107.5,110.2,1
.457,104.6,104.5,.617,109.6,104.4,1
.404,103.1,105.8,.479,105.2,103.6,0
.625,107.8,103.9,.851,118.1,104.7,1
.447,100.6,101.6,.375,99.5,102.3,1
.617,108.1,105.7,.447,104.7,104.6,0
.191,106.0,115.2,.383,104.0,104.7,1
.457,110.3,111.1,.319,106.6,112.0,0
.571,99.9,99.6,.612,99.3,95.5,0
.429,106.2,108.8,.583,103.8,104.0,1
.370,100.4,105.7,.490,101.6,101.6,1
.583,106.0,105.2,.696,109.9,105.0,1
.686,114.3,108.5,.532,105.9,106.6,1
.574,106.7,105.0,.396,103.5,106.2,0
.854,118.0,104.8,.429,107.6,110.2,0
.362,96.9,100.1,.766,107.4,99.3,0
.388,100.0,105.5,.604,109.6,104.6,0
.438,100.8,101.9,.625,108.2,105.7,1
.681,109.6,105.0,.375,97.1,100.1,1
.188,105.8,115.0,.388,99.6,102.1,1
.380,100.1,105.6,.396,104.2,104.7,1
.396,103.4,106.1,.383,100.9,106.0,1
.580,100.2,99.5,.313,106.4,112.1,0
.388,103.0,106.1,.692,114.1,108.0,1
.447,110.5,111.3,.333,104.0,110.2,1
.469,105.1,103.9,.440,107.8,110.0,1
.571,105.8,105.3,.771,107.5,99.2,1
.388,103.5,106.2,.612,109.6,104.7,1
.420,106.1,108.9,.583,106.9,105.0,1
.600,109.5,104.7,.633,108.2,105.7,1
.431,105.8,108.5,.184,105.5,114.6,0
.388,104.0,105.1,.688,110.0,104.9,1
.375,100.8,106.1,.388,97.4,100.0,1
.588,100.6,99.5,.438,110.2,111.5,0
.380,103.4,106.5,.449,101.1,101.8,1
.460,105.2,104.3,.857,118.1,105.0,1
.571,103.6,104.2,.400,99.9,101.9,1
.500,102.1,101.6,.560,105.7,105.7,0
.542,105.8,106.3,.373,99.9,105.5,0
.633,108.2,104.1,.306,106.5,112.3,0
.438,104.4,104.6,.620,99.4,95.3,1
.580,103.7,104.3,.679,114.0,108.1,0
.860,118.4,105.3,.620,108.4,104.7,0
.367,100.5,106.0,.776,107.3,98.9,1
.327,104.0,110.3,.592,107.1,105.0,1
.321,104.1,110.3,.640,108.3,105.7,1
.551,105.8,106.1,.180,105.3,114.4,0
.429,104.6,105.0,.449,110.4,111.6,1
.380,104.1,105.3,.460,101.4,101.9,1
.490,102.4,102.0,.685,114.1,108.3,1
.577,100.6,99.8,.569,105.8,105.6,1
.588,109.2,104.7,.385,99.9,105.3,1
.400,97.6,100.1,.431,107.7,109.9,0
.320,106.5,112.2,.380,103.0,106.1,0
.377,99.6,105.4,.588,103.9,103.9,1
.451,101.1,102.0,.560,105.8,105.6,1
.360,100.5,106.4,.412,100.4,101.9,1
.585,100.7,99.8,.373,104.0,105.4,0
.694,110.0,104.8,.423,105.8,108.6,0
.440,105.3,105.1,.314,106.6,112.6,0
.843,118.2,105.3,.392,103.1,106.1,1
.440,110.2,111.8,.780,107.6,98.9,1
.451,105.1,104.3,.627,99.5,95.4,1
.373,103.2,106.4,.600,107.0,104.7,1
.608,108.3,104.7,.647,108.3,105.6,1
.596,109.1,104.5,.176,105.1,114.2,0
.423,107.5,109.8,.577,105.8,105.5,1
.635,99.9,95.4,.577,103.8,104.3,0
.392,97.4,100.3,.451,110.2,111.3,1
.353,100.4,106.5,.462,101.3,101.9,1
.566,105.5,105.3,.569,105.5,105.3,1
.765,107.0,98.7,.593,100.5,99.3,1
.423,100.7,102.2,.365,104.2,105.6,0
.308,106.6,112.6,.385,103.3,106.4,1
.333,104.4,110.3,.415,105.8,108.8,0
.500,102.6,102.1,.385,103.2,106.2,0
.596,108.3,105.0,.604,109.2,104.6,1
.700,110.6,105.4,.588,107.6,105.4,0
.173,105.2,114.1,.462,105.2,104.4,1
.434,107.6,109.9,.385,97.7,100.5,0
.370,99.7,105.8,.691,114.3,108.2,1
.442,110.1,111.4,.585,104.0,104.3,1
.596,107.7,105.5,.170,105.3,114.1,0
.327,104.4,110.5,.472,101.7,101.9,1
.491,102.4,102.5,.846,118.3,105.1,1
.706,111.0,105.7,.558,105.7,105.8,0
.302,106.3,112.6,.600,100.7,99.1,1
.434,100.8,101.9,.431,104.9,105.1,0
.593,109.2,104.7,.377,104.3,105.6,1
.642,100.4,95.4,.377,103.1,106.8,0
.604,108.5,105.2,.407,106.0,109.0,0
.769,107.0,98.8,.346,100.5,106.6,0
.635,108.0,105.7,.396,103.3,105.9,1
.696,114.2,107.9,.453,105.0,104.4,0
.630,100.5,95.7,.396,98.0,100.6,1
.692,111.0,105.9,.574,105.7,105.4,1
.358,100.7,106.7,.364,99.9,105.9,0
.642,108.2,105.8,.426,107.7,110.1,0
.444,100.9,101.8,.167,105.1,114.0,0
.774,107.0,98.7,.463,101.5,101.9,0
.849,118.3,105.1,.589,100.8,99.6,0
.339,104.7,110.5,.423,105.1,105.4,0
.389,103.5,106.8,.370,104.4,105.9,0
.453,110.5,111.6,.400,106.3,109.4,0
.481,102.3,102.7,.315,106.5,112.3,1
.574,104.1,104.4,.407,103.4,105.9,1
.547,105.8,105.9,.604,107.8,105.5,1
.611,108.5,105.1,.444,104.9,104.5,0
.444,110.5,111.9,.698,111.2,106.0,1
.357,99.6,106.1,.407,98.2,100.2,1
.309,106.4,112.7,.702,114.5,107.8,1
.434,105.3,105.3,.537,105.6,106.1,0
.852,118.6,105.3,.564,105.9,105.8,0
.436,101.1,102.1,.370,101.0,106.8,1
.648,108.3,105.8,.618,100.5,96.0,0
.473,102.1,103.0,.382,104.6,105.6,1
.759,106.6,98.6,.411,106.1,109.1,1
.382,103.4,106.8,.418,103.4,105.8,1
.473,101.5,101.9,.582,109.1,104.7,0
.596,101.0,99.6,.164,105.1,113.9,0
.382,101.1,106.6,.436,104.8,104.5,0
.655,108.3,105.6,.400,98.2,100.4,0
.836,118.4,105.8,.455,110.9,111.8,1
.764,106.7,98.7,.527,105.7,106.2,0
.368,99.9,106.1,.429,101.2,102.4,0
.464,101.3,101.9,.444,105.2,105.0,1
.393,103.5,106.8,.304,106.4,112.6,0
.582,104.1,104.3,.418,107.6,110.1,0
.618,108.1,104.5,.607,100.0,95.8,0
.554,105.8,106.1,.611,108.0,105.4,1
.571,108.8,104.7,.482,102.1,102.8,1
.429,103.3,105.6,.333,104.5,110.3,0
.704,111.3,106.0,.375,104.7,105.8,0
.375,101.2,106.8,.661,108.5,105.7,1
.455,105.7,105.4,.161,105.5,114.2,0
.518,105.6,106.3,.709,111.3,106.0,1
.386,104.8,105.7,.446,110.6,111.8,0
.393,98.1,100.4,.474,101.2,101.7,1
.421,103.0,105.7,.839,118.2,105.4,1
.439,101.5,102.5,.690,114.4,108.0,0
.571,103.8,104.3,.625,107.9,104.1,1
.404,103.4,106.5,.586,100.8,99.5,0
.404,106.1,109.2,.561,105.9,106.0,1
.768,106.7,98.4,.362,99.5,106.1,0
.328,104.5,110.7,.316,106.9,112.4,1
.429,104.5,104.2,.579,108.5,104.3,1
.411,107.3,110.1,.614,100.2,95.7,1
.649,108.4,105.6,.491,102.1,102.8,1
.618,108.1,105.3,.509,105.5,106.4,0
.397,106.0,109.4,.714,111.5,105.9,1
.421,104.5,104.4,.483,101.5,101.8,1
.614,108.0,104.5,.842,118.3,105.5,1
.695,114.7,107.8,.397,103.3,106.9,0
.421,107.4,110.0,.356,99.6,106.2,0
.439,110.5,111.9,.431,103.2,105.6,1
.448,101.6,102.3,.561,103.5,104.3,0
.310,107.2,112.7,.500,102.6,103.1,1
.158,105.5,114.5,.448,110.8,111.8,1
.576,100.7,99.6,.517,105.4,106.2,1
.772,106.7,98.3,.603,107.8,104.5,0
.621,100.4,95.7,.446,105.5,105.5,0
.386,97.8,100.3,.397,104.7,105.3,1
.322,104.3,110.7,.569,106.0,105.8,1
.607,108.1,105.5,.386,101.5,106.9,1
.638,108.2,105.7,.586,108.4,104.2,1
.508,102.8,103.1,.702,111.3,106.1,0
.390,102.9,106.7,.397,97.8,100.0,1
.155,105.3,114.4,.845,118.2,105.4,1
.390,105.1,105.9,.700,115.2,108.2,1
.508,105.3,106.3,.458,101.8,102.1,1
.379,101.6,106.9,.407,106.1,109.4,1
.552,103.2,104.3,.367,99.7,105.9,1
.431,104.4,104.1,.424,102.9,105.5,0
.583,100.8,99.6,.441,110.6,111.7,0
.644,108.1,105.5,.475,101.4,101.8,0
.424,104.7,104.4,.610,108.1,104.7,1
.776,106.9,98.3,.317,104.2,110.9,0
.305,107.0,112.5,.456,105.4,105.3,1
.383,103.1,106.9,.576,106.2,105.9,1
.414,107.3,110.0,.593,108.5,104.2,1
.627,100.4,95.6,.596,107.9,105.5,0
.559,103.4,104.2,.633,108.0,105.7,0
.448,105.2,105.2,.707,111.1,105.9,1
.450,101.6,102.0,.407,97.8,99.8,1
.517,105.5,106.3,.689,115.0,108.4,0
.600,108.2,104.0,.400,105.9,109.1,0
.847,118.2,105.4,.373,101.7,107.1,0
.400,105.0,105.6,.417,102.7,105.4,0
.450,110.8,111.7,.500,102.9,103.4,0
.407,107.4,110.2,.483,101.7,102.0,1
.433,104.8,104.4,.311,104.2,110.8,0
.300,107.1,112.8,.590,101.2,99.8,1
.617,100.5,95.8,.583,106.3,105.9,1
.833,118.1,105.5,.603,107.9,105.5,1
.400,97.7,99.8,.567,103.4,104.1,1
.695,110.9,105.9,.639,107.9,105.6,1
.694,115.1,108.3,.600,108.0,105.0,0
.367,101.7,107.4,.459,102.0,102.0,1
.459,110.8,111.4,.441,105.1,105.3,0
.475,101.5,102.1,.393,103.2,106.6,1
.410,105.8,108.8,.361,99.5,105.8,0
.169,105.4,114.2,.410,102.6,105.5,0
.508,105.3,106.2,.780,106.8,98.3,1
.610,107.9,105.4,.590,108.0,104.0,0
.410,105.1,105.2,.607,100.2,96.0,0
.820,117.5,105.3,.508,102.8,103.1,1
.426,104.8,104.6,.311,107.3,112.6,1
.574,106.3,106.0,.417,107.6,110.2,1
.700,111.3,106.3,.557,103.8,104.6,0
.581,101.2,99.8,.410,97.8,99.8,1
.645,108.0,105.4,.306,104.0,110.9,0
.590,107.9,105.1,.450,105.2,105.3,1
.783,106.7,98.3,.387,103.1,106.5,0
.452,101.9,102.1,.371,99.7,105.7,1
.403,105.7,108.7,.377,101.7,107.3,1
.565,106.4,106.2,.323,107.5,112.6,1
.167,105.3,114.2,.613,100.4,96.0,1
.597,108.1,104.1,.600,107.9,105.5,0
.597,107.8,104.9,.500,102.6,103.1,0
.435,104.9,104.6,.452,110.6,111.4,0
.571,101.3,100.2,.698,115.3,108.3,1
.689,111.0,106.5,.460,102.2,101.9,1
.587,107.9,104.0,.459,105.1,105.1,1
.484,102.0,102.2,.371,101.8,107.8,0
.164,105.4,114.4,.426,107.9,110.2,1
.403,104.8,105.1,.787,106.5,98.2,1
.516,105.2,106.0,.548,103.7,104.5,0
.556,106.1,106.2,.419,97.9,99.7,1
.397,103.1,106.3,.302,103.9,110.8,0
.823,117.5,105.3,.397,105.7,108.7,0
.635,108.0,105.4,.333,107.5,112.5,1
.619,100.5,96.2,.403,102.7,105.6,0
.365,99.9,105.8,.607,108.0,105.6,1
.825,117.5,105.4,.540,103.8,104.7,0
.508,104.9,105.9,.444,104.8,104.3,1
.469,102.3,101.9,.677,110.8,106.5,0
.397,102.6,105.6,.460,110.6,111.2,1
.492,102.4,103.2,.492,102.1,102.1,1
.625,107.9,105.6,.603,107.9,104.9,1
.177,105.7,114.3,.563,101.4,100.5,0
.406,105.8,108.7,.359,100.0,105.9,0
.468,105.2,105.0,.365,101.7,107.9,0
.688,115.2,108.3,.790,106.6,98.4,1
.391,102.8,106.0,.625,100.3,96.0,1
.297,104.0,111.0,.429,98.3,99.8,1
.435,108.2,110.4,.547,106.3,106.5,0
.613,108.3,106.0,.328,107.8,112.8,0
.175,105.7,114.3,.547,103.9,104.7,1
.619,108.6,106.1,.453,110.6,111.4,0
.631,107.7,105.3,.813,117.0,105.3,0
.631,100.5,96.2,.677,115.1,108.4,0
.484,102.1,102.3,.516,105.1,105.8,1
.438,104.7,104.4,.477,102.3,101.9,1
.400,105.6,108.6,.476,105.2,104.8,1
.594,107.7,104.9,.413,104.9,104.9,1
.594,107.7,103.8,.385,102.6,105.8,0
.484,102.3,103.1,.369,99.9,105.7,1
.391,102.6,105.7,.794,106.7,98.5,1
.667,110.6,106.5,.492,102.1,102.3,1
.600,107.8,104.8,.554,101.4,100.7,0
.781,106.5,98.5,.554,106.3,106.3,1
.308,104.3,111.0,.323,107.8,112.9,0
.359,101.8,108.0,.444,108.3,110.4,1
.585,107.6,103.8,.554,103.9,104.6,1
.682,115.1,108.2,.477,102.1,103.3,0
.364,99.7,105.9,.446,105.0,104.0,1
.172,105.5,114.1,.438,98.4,99.8,1
.621,107.6,105.5,.462,110.8,111.2,1
.508,104.8,105.7,.484,105.1,104.5,1
.800,116.8,105.3,.422,104.8,104.8,1
.625,108.9,106.3,.385,102.9,106.1,0
.394,102.9,106.1,.439,105.2,104.3,0
.333,107.7,112.7,.431,98.4,99.8,0
.394,105.4,108.7,.500,102.3,102.1,1
.354,101.8,108.0,.606,107.8,104.7,1
.561,104.0,104.4,.545,101.2,100.8,0
.576,107.3,103.8,.485,102.4,101.7,1
.415,104.7,104.8,.492,105.1,104.3,1
.621,100.6,96.5,.561,106.3,106.2,1
.672,110.7,106.5,.358,99.7,106.1,0
.631,109.2,106.6,.438,108.5,110.6,0
.470,110.7,110.9,.379,102.8,106.1,0
.788,116.3,105.3,.785,106.5,98.3,1
.470,101.8,103.3,.627,107.5,105.1,1
.388,105.5,108.8,.185,105.8,114.1,1
.662,110.7,106.6,.687,115.1,108.3,1
.478,102.3,101.7,.515,104.7,105.6,1
.364,102.1,108.2,.303,104.5,111.1,0
.446,108.6,110.5,.328,107.6,112.6,0
.478,102.0,103.3,.433,105.3,104.5,0
.299,104.4,111.3,.478,111.0,110.7,1
.485,104.9,104.4,.552,101.4,100.7,1
.621,109.1,106.8,.424,104.9,104.8,1
.353,99.9,106.3,.388,103.0,106.2,1
.552,103.9,104.4,.788,106.5,98.3,1
.424,98.1,99.8,.582,107.2,103.4,1
.597,107.8,104.9,.627,100.8,96.6,1
.567,106.6,106.2,.182,105.7,114.2,0
.493,102.2,102.5,.667,111.0,106.5,1
.358,102.1,108.1,.791,116.1,105.3,1
.439,108.1,110.3,.403,102.9,105.7,1
.507,104.4,105.3,.397,105.2,108.4,1
.418,104.9,104.9,.632,107.6,105.1,1
.559,101.3,100.6,.471,101.8,103.3,0
.632,100.7,96.4,.485,101.9,102.4,0
.294,104.4,111.8,.691,115.5,108.1,1
.426,104.9,104.4,.515,104.3,104.9,1
.493,104.8,104.3,.588,107.6,104.8,0
.397,103.0,105.9,.485,102.6,101.8,1
.397,103.1,106.1,.324,107.5,112.5,0
.448,108.1,110.2,.776,106.5,98.5,0
.433,98.3,99.9,.612,109.0,106.9,0
.565,101.4,100.4,.544,103.7,104.4,0
.623,100.5,96.3,.672,110.7,106.1,1
.580,107.7,105.1,.485,111.2,110.8,1
.348,99.8,106.5,.794,116.2,105.1,1
.194,106.0,114.1,.391,105.3,108.6,0
.574,106.8,106.1,.574,107.1,103.7,0
.638,107.5,105.0,.191,105.8,113.9,0
.580,106.8,103.3,.478,101.5,102.2,0
.500,104.8,104.3,.290,104.3,111.7,0
.412,104.9,105.2,.493,102.9,101.9,1
.681,115.4,108.4,.406,103.3,106.0,1
.426,98.0,100.1,.368,102.3,107.6,1
.357,100.0,106.5,.319,107.4,112.5,0
.464,101.9,103.4,.618,109.1,106.9,1
.456,108.2,110.0,.536,103.6,104.5,0
.614,100.3,96.3,.471,101.8,103.1,1
.609,108.9,106.8,.435,104.8,104.2,1
.686,115.3,108.4,.478,111.1,110.8,0
.493,104.6,104.5,.797,116.2,104.9,1
.662,110.2,106.1,.586,107.7,104.7,1
.765,106.4,98.6,.571,101.4,100.4,1
.391,102.9,106.2,.580,106.9,106.0,1
.435,98.1,100.2,.188,105.8,113.9,0
.314,107.3,112.5,.486,101.7,102.1,1
.667,110.4,106.3,.286,104.6,111.9,0
.464,108.3,110.0,.486,102.9,102.1,0
.406,104.9,105.5,.414,103.6,106.0,1
.629,107.4,105.0,.377,102.3,107.5,1
.386,102.9,106.4,.768,106.5,98.6,1
.507,104.1,105.1,.586,106.9,103.1,1
.600,108.8,106.8,.634,107.4,104.9,1
.529,103.4,104.5,.443,104.8,104.0,1
.471,111.3,111.0,.690,115.5,108.6,1
.606,100.3,96.5,.514,104.1,105.0,1
.386,105.3,108.7,.592,107.8,104.7,1
.800,116.1,104.8,.571,106.7,106.0,0
.371,102.4,107.6,.366,100.1,106.5,1
.479,101.6,102.0,.200,105.7,113.6,1
.803,116.1,104.5,.429,98.0,100.4,0
.597,108.2,104.8,.282,104.6,112.2,0
.310,107.1,112.5,.493,103.0,102.0,1
.771,106.4,98.6,.400,104.8,105.4,0
.563,101.1,100.3,.423,103.5,105.7,1
.500,104.5,104.3,.457,108.0,109.7,0
.465,102.1,103.4,.592,107.1,103.3,1
.507,104.1,105.0,.639,107.4,104.9,1
.472,101.5,102.2,.472,102.3,103.3,1
.657,110.5,106.6,.479,111.5,111.0,1
.366,102.4,107.8,.577,106.9,105.9,1
.451,104.8,104.0,.361,100.2,106.5,0
.507,104.6,104.2,.380,102.9,106.5,0
.380,105.2,108.7,.611,100.4,96.5,1
.521,103.4,104.5,.606,108.7,106.7,1
.306,107.0,112.7,.211,106.0,113.4,1
.589,108.0,104.7,.437,98.0,100.3,1
.597,107.1,103.1,.486,102.7,102.0,0
.375,105.1,108.7,.465,108.1,109.5,1
.556,101.0,100.3,.775,106.3,98.4,1
.301,107.2,112.9,.644,107.7,105.1,1
.375,102.6,107.8,.466,102.3,103.5,0
.662,110.5,106.6,.444,104.8,104.1,0
.375,102.8,106.6,.806,116.1,104.4,1
.417,103.6,105.8,.694,115.5,108.6,1
.486,111.7,111.1,.500,104.3,105.3,0
.394,105.0,105.7,.292,105.0,112.3,1
.514,103.3,104.5,.514,104.6,104.1,1
.466,101.3,102.4,.370,100.4,106.3,1
.208,106.0,113.6,.611,109.0,106.7,1
.616,109.2,106.8,.653,110.5,106.9,0
.603,106.9,102.8,.431,97.8,100.2,0
.603,100.3,96.7,.595,108.0,104.5,1
.389,104.9,105.8,.472,108.1,109.4,1
.370,105.0,108.7,.778,106.3,98.4,1
.219,106.0,113.3,.507,103.1,104.5,0
.479,102.8,102.1,.649,107.8,105.1,1
.297,107.2,113.0,.452,105.1,104.2,1
.425,103.7,105.6,.479,111.4,111.1,0
.548,100.9,100.3,.808,115.9,104.3,1
.569,107.2,106.3,.699,115.8,108.8,1
.370,102.4,107.7,.507,104.3,105.2,1
.384,102.8,106.5,.587,107.9,104.5,0
.479,108.0,109.0,.288,104.6,112.1,0
.473,102.4,103.4,.507,104.4,104.2,0
.575,107.0,106.1,.425,97.7,100.1,0
.459,101.2,102.5,.378,105.1,108.5,1
.541,100.7,100.2,.392,102.6,106.3,1
.644,110.0,106.8,.781,106.2,98.1,1
.365,100.5,106.6,.608,107.2,102.9,1
.419,103.7,105.6,.608,100.4,96.7,1
.293,106.9,112.8,.514,103.0,104.3,1
.378,102.5,107.6,.216,105.9,113.2,0
.514,104.6,104.2,.446,105.1,104.3,0
.486,102.7,102.0,.453,101.1,102.4,0
.811,115.9,104.3,.689,115.6,108.9,0
.397,105.0,105.9,.500,104.4,105.3,0
.622,109.4,106.9,.284,104.7,112.1,0
.473,111.4,111.3,.486,108.1,109.0,1
.520,104.6,104.1,.640,107.7,105.1,0
.613,109.5,107.2,.592,108.2,104.7,1
.493,104.3,105.4,.547,100.9,100.2,1
.419,98.0,100.4,.427,103.9,105.8,1
.493,102.8,101.8,.373,104.8,108.4,0
.581,107.1,106.1,.360,100.6,106.7,0
.520,102.9,104.1,.373,102.3,107.5,0
.613,100.6,96.5,.387,102.3,106.3,0
.813,115.8,104.2,.770,106.1,98.3,0
.453,105.2,104.4,.600,107.2,103.0,0
.635,109.8,106.7,.480,102.4,103.2,1
.213,105.7,112.9,.461,101.0,102.3,1
.280,104.7,112.2,.405,105.2,105.9,1
.597,108.4,104.9,.289,107.1,112.9,0
.680,115.5,109.0,.493,108.3,109.0,1
.355,100.8,106.8,.645,107.8,105.2,1
.467,111.5,111.4,.461,105.4,104.5,1
.368,102.4,107.7,.640,110.0,106.7,1
.671,115.3,108.9,.816,115.7,104.2,1
.413,97.9,100.3,.553,100.8,100.0,1
.382,104.7,108.2,.487,102.6,101.8,0
.455,101.0,102.3,.526,104.6,104.2,1
.382,102.1,106.5,.434,104.1,105.6,1
.773,106.1,98.2,.573,106.9,106.0,0
.487,104.3,105.4,.605,107.2,103.0,1
.605,109.3,107.0,.618,100.5,96.4,1
.351,100.9,107.0,.224,105.9,112.9,1
.513,103.0,104.2,.487,102.4,103.2,1
.276,104.7,112.3,.603,108.5,104.9,1
.390,102.4,106.6,.400,105.4,106.1,0
.286,107.2,113.1,.500,108.6,109.1,1
.506,102.7,104.0,.234,105.7,112.5,1
.481,104.6,105.8,.645,110.3,107.0,1
.597,109.3,107.5,.818,116.0,104.3,1
.545,100.9,100.1,.286,104.7,112.2,1
.474,111.5,111.4,.481,102.8,102.0,0
.421,98.0,100.4,.519,104.6,104.2,0
.494,102.6,103.3,.429,104.1,105.7,0
.649,107.8,105.1,.377,104.6,108.3,0
.468,105.5,104.4,.566,106.8,106.1,0
.675,115.4,109.0,.282,107.3,113.3,0
.610,100.5,96.6,.776,106.1,98.3,1
.364,102.4,107.8,.610,107.3,103.0,1
.494,108.6,109.1,.408,105.4,106.2,1
.346,100.9,107.2,.649,110.5,106.9,1
.403,105.5,106.4,.821,116.1,104.3,1
.603,107.1,103.1,.487,104.7,105.6,1
.481,111.8,111.7,.423,104.5,106.1,0
.487,102.5,103.3,.385,104.5,108.0,1
.513,104.3,104.3,.571,106.9,105.8,1
.244,106.2,112.5,.359,102.6,108.2,0
.416,97.9,100.4,.397,102.4,106.4,1
.538,100.7,100.1,.779,105.9,98.2,1
.487,108.3,109.1,.615,100.6,96.5,1
.462,105.6,104.6,.603,109.4,107.5,1
.654,110.5,106.7,.641,107.6,105.2,0
.487,102.9,101.9,.456,105.5,104.7,0
.608,107.1,103.1,.449,101.1,102.4,0
.474,111.7,111.7,.679,115.3,109.0,1
.410,97.9,100.5,.608,108.5,104.8,1
.577,106.8,105.7,.532,100.7,100.1,0
.823,116.1,104.4,.278,107.4,113.3,0
.295,104.7,111.9,.769,105.8,98.2,0
.633,107.7,105.4,.513,102.9,104.2,1
.506,104.1,104.3,.494,104.6,105.4,1
.608,109.4,107.4,.380,104.5,108.0,0
.241,106.2,112.6,.354,101.1,107.2,1
.494,102.5,103.1,.354,102.5,108.1,0
.397,105.4,106.3,.494,108.2,108.9,1
.519,103.1,104.1,.646,110.4,106.8,0
.772,105.8,98.1,.405,97.8,100.5,0
.418,104.5,106.3,.481,111.8,111.6,1
.456,101.2,102.4,.671,115.2,109.0,0
.392,102.3,106.3,.304,104.6,111.7,1
.375,104.3,107.9,.538,100.7,100.0,1
.570,106.7,105.9,.288,107.5,113.2,1
.481,102.8,101.9,.613,106.9,103.0,1
.392,105.5,106.5,.620,100.8,96.7,1
.488,102.5,103.2,.250,106.2,112.5,1
.638,107.9,105.5,.450,105.6,104.9,0
.413,104.5,106.5,.825,116.2,104.4,1
.500,104.9,105.5,.350,101.3,107.5,0
.513,103.9,104.0,.350,102.2,107.9,0
.613,100.7,96.7,.500,108.2,108.7,1
.613,108.4,104.6,.763,105.5,98.1,0
.488,102.8,101.9,.600,109.3,107.4,0
.638,110.6,107.1,.525,103.4,104.4,1
.575,106.7,105.9,.475,111.8,111.5,0
.388,105.5,106.6,.313,104.7,111.7,1
.463,101.2,102.3,.531,100.6,100.0,0
.617,107.0,102.9,.370,104.2,108.0,0
.400,98.0,100.8,.296,107.7,113.1,1
.675,115.5,109.3,.388,102.6,106.6,0
.247,106.2,112.5,.642,108.0,105.5,1
.346,100.9,107.6,.494,102.8,102.8,1
.605,109.3,107.3,.457,101.2,102.3,0
.617,100.7,96.8,.815,116.0,104.4,0
.667,115.2,109.5,.617,108.6,104.5,1
.630,110.7,107.3,.494,103.1,102.1,1
.444,105.2,104.7,.519,103.7,103.7,1
.506,105.1,105.6,.346,102.3,108.1,0
.753,105.4,98.1,.506,108.0,108.5,1
.439,104.9,104.7,.531,103.4,104.0,1
.481,111.7,111.3,.395,97.9,100.9,0
.407,104.4,106.5,.321,104.7,111.5,1
.580,106.6,105.8,.383,105.4,106.5,0
.293,107.7,113.3,.395,102.9,106.6,1
.512,103.6,103.8,.646,108.0,105.4,1
.244,105.8,112.5,.500,102.9,102.4,1
.622,106.9,102.6,.622,110.3,107.2,0
.317,104.6,111.5,.817,115.9,104.3,1
.378,105.6,106.7,.671,115.3,109.6,1
.524,103.2,104.0,.512,105.1,105.3,1
.390,102.8,106.7,.622,108.7,104.4,1
.402,97.9,100.8,.524,100.5,100.0,0
.598,109.2,107.4,.500,103.2,102.1,1
.341,102.4,108.1,.378,104.3,108.0,1
.488,111.7,111.2,.573,106.6,105.8,0
.451,101.3,102.5,.354,101.1,107.6,1
.415,104.3,106.4,.500,107.9,108.5,0
.744,105.3,98.1,.622,100.7,96.8,1
.512,105.1,105.3,.622,110.3,107.2,1
.622,100.7,96.8,.622,108.7,104.4,0
.524,100.5,100.0,.744,105.3,98.1,1
.512,103.6,103.8,.622,106.9,102.6,0
.500,102.9,102.4,.646,108.0,105.4,0
.500,107.9,108.5,.817,115.9,104.3,1
.573,106.6,105.8,.671,115.3,109.6,1
.524,103.2,104.0,.598,109.2,107.4,1
.512,105.1,105.3,.622,110.3,107.2,1
.524,100.5,100.0,.744,105.3,98.1,1
.500,102.9,102.4,.646,108.0,105.4,0
.622,100.7,96.8,.622,108.7,104.4,1
.512,103.6,103.8,.622,106.9,102.6,1
.500,107.9,108.5,.817,115.9,104.3,1
.573,106.6,105.8,.671,115.3,109.6,1
.524,103.2,104.0,.598,109.2,107.4,1
.622,110.3,107.2,.512,105.1,105.3,0
.744,105.3,98.1,.524,100.5,100.0,1
.622,106.9,102.6,.512,103.6,103.8,1
.646,108.0,105.4,.500,102.9,102.4,0
.671,115.3,109.6,.573,106.6,105.8,1
.622,108.7,104.4,.622,100.7,96.8,0
.598,109.2,107.4,.524,103.2,104.0,1
.744,105.3,98.1,.524,100.5,100.0,1
.622,106.9,102.6,.512,103.6,103.8,0
.817,115.9,104.3,.500,107.9,108.5,0
.646,108.0,105.4,.500,102.9,102.4,0
.622,110.3,107.2,.512,105.1,105.3,0
.671,115.3,109.6,.573,106.6,105.8,0
.622,108.7,104.4,.622,100.7,96.8,1
.598,109.2,107.4,.524,103.2,104.0,1
.817,115.9,104.3,.500,107.9,108.5,0
.512,103.6,103.8,.622,106.9,102.6,1
.573,106.6,105.8,.671,115.3,109.6,1
.622,100.7,96.8,.622,108.7,104.4,0
.524,100.5,100.0,.744,105.3,98.1,1
.500,102.9,102.4,.646,108.0,105.4,1
.524,103.2,104.0,.598,109.2,107.4,1
.744,105.3,98.1,.524,100.5,100.0,0
.622,106.9,102.6,.512,103.6,103.8,0
.598,109.2,107.4,.524,103.2,104.0,0
.646,108.0,105.4,.500,102.9,102.4,0
.622,108.7,104.4,.622,100.7,96.8,0
.598,109.2,107.4,.646,108.0,105.4,1
.622,100.7,96.8,.622,108.7,104.4,0
.622,106.9,102.6,.622,110.3,107.2,1
.671,115.3,109.6,.744,105.3,98.1,0
.598,109.2,107.4,.646,108.0,105.4,1
.622,100.7,96.8,.817,115.9,104.3,1
.622,106.9,102.6,.622,110.3,107.2,1
.671,115.3,109.6,.744,105.3,98.1,1
.622,100.7,96.8,.817,115.9,104.3,1
.646,108.0,105.4,.598,109.2,107.4,1
.744,105.3,98.1,.671,115.3,109.6,0
.622,110.3,107.2,.622,106.9,102.6,0
.817,115.9,104.3,.622,100.7,96.8,0
.744,105.3,98.1,.671,115.3,109.6,1
.622,110.3,107.2,.622,106.9,102.6,0
.646,108.0,105.4,.598,109.2,107.4,1
.817,115.9,104.3,.622,100.7,96.8,0
.671,115.3,109.6,.744,105.3,98.1,1
.598,109.2,107.4,.646,108.0,105.4,1
.744,105.3,98.1,.671,115.3,109.6,0
.646,108.0,105.4,.598,109.2,107.4,1
.744,105.3,98.1,.817,115.9,104.3,1
.598,109.2,107.4,.646,108.0,105.4,1
.744,105.3,98.1,.817,115.9,104.3,1
.622,110.3,107.2,.646,108.0,105.4,0
.622,110.3,107.2,.646,108.0,105.4,0
.817,115.9,104.3,.744,105.3,98.1,0
.646,108.0,105.4,.622,110.3,107.2,0
.817,115.9,104.3,.744,105.3,98.1,0
.646,108.0,105.4,.622,110.3,107.2,1
.622,110.3,107.2,.646,108.0,105.4,0
.622,110.3,107.2,.817,115.9,104.3,1
.622,110.3,107.2,.817,115.9,104.3,1
.817,115.9,104.3,.622,110.3,107.2,0
.817,115.9,104.3,.622,110.3,107.2,1
.622,110.3,107.2,.817,115.9,104.3,1
